Timestamp,User_ID,Location (Cell_ID),Traffic Volume (MB),Signal Strength (dBm),Device Mobility (km/h),Congestion Level (%),Resource Allocation (%),Handover Success (0/1),Slice Type,Network Latency (ms),Throughput (Mbps),Packet Loss (%),Video Streaming Quality
2025-01-27 18:00:00,101,Cell_5,613,-84,7,74,85,0,mMTC,49,35,0.57,HD
2025-01-27 18:00:01,102,Cell_4,669,-82,6,97,50,0,eMBB,35,15,0.69,HD
2025-01-27 18:00:02,103,Cell_1,668,-83,9,97,72,0,mMTC,16,15,1.97,HD
2025-01-27 18:00:03,104,Cell_2,288,-78,4,50,68,0,URLLC,14,33,1.72,4K
2025-01-27 18:00:04,105,Cell_1,133,-70,3,50,52,1,eMBB,32,34,0.93,HD
2025-01-27 18:00:05,106,Cell_4,162,-75,9,82,83,1,eMBB,42,37,0.72,4K
2025-01-27 18:00:06,107,Cell_4,710,-64,2,54,86,1,mMTC,30,28,0.2,4K
2025-01-27 18:00:07,108,Cell_5,682,-74,3,79,54,1,eMBB,10,22,0.59,HD
2025-01-27 18:00:08,109,Cell_5,832,-62,2,80,85,0,eMBB,34,24,0.92,HD
2025-01-27 18:00:09,110,Cell_5,187,-85,6,83,82,1,mMTC,20,33,1.96,4K
2025-01-27 18:00:10,111,Cell_4,163,-62,5,69,85,1,URLLC,39,41,2.66,HD
2025-01-27 18:00:11,112,Cell_4,732,-89,3,70,87,1,mMTC,32,47,1.23,4K
2025-01-27 18:00:12,113,Cell_3,741,-78,1,58,52,0,mMTC,27,11,2.56,4K
2025-01-27 18:00:13,114,Cell_4,959,-66,9,73,76,1,eMBB,14,28,0.38,HD
2025-01-27 18:00:14,115,Cell_1,546,-76,5,76,60,0,eMBB,49,33,1.8,HD
2025-01-27 18:00:15,116,Cell_5,111,-66,3,99,73,0,eMBB,26,46,1.81,HD
2025-01-27 18:00:16,117,Cell_1,268,-72,5,50,76,1,eMBB,42,25,0.37,HD
2025-01-27 18:00:17,118,Cell_1,405,-67,7,65,57,0,URLLC,28,14,0.25,4K
2025-01-27 18:00:18,119,Cell_2,501,-71,8,65,57,1,URLLC,11,10,1.21,4K
2025-01-27 18:00:19,120,Cell_3,871,-72,1,68,81,0,mMTC,31,23,0.71,4K
2025-01-27 18:00:20,121,Cell_5,571,-89,5,56,66,0,eMBB,42,30,1.96,4K
2025-01-27 18:00:21,122,Cell_5,921,-73,4,54,60,1,eMBB,10,38,2.62,4K
2025-01-27 18:00:22,123,Cell_1,111,-68,2,62,89,1,mMTC,47,38,2.68,HD
2025-01-27 18:00:23,124,Cell_4,901,-84,3,97,70,0,mMTC,36,22,0.17,HD
2025-01-27 18:00:24,125,Cell_5,186,-76,4,96,55,1,mMTC,34,11,0.88,HD
2025-01-27 18:00:25,126,Cell_2,245,-87,5,51,69,1,URLLC,27,43,0.61,HD
2025-01-27 18:00:26,127,Cell_2,355,-84,5,75,52,0,URLLC,41,43,2.28,4K
2025-01-27 18:00:27,128,Cell_1,870,-74,9,87,62,0,mMTC,41,30,2.54,4K
2025-01-27 18:00:28,129,Cell_2,623,-81,1,60,79,1,eMBB,16,48,0.95,4K
2025-01-27 18:00:29,130,Cell_5,101,-76,8,57,65,0,URLLC,41,29,1.85,4K
2025-01-27 18:00:30,131,Cell_2,926,-65,0,63,79,1,mMTC,37,49,1.73,HD
2025-01-27 18:00:31,132,Cell_4,763,-77,0,86,66,0,URLLC,16,20,2.57,HD
2025-01-27 18:00:32,133,Cell_5,668,-85,8,52,75,0,eMBB,47,25,1.31,4K
2025-01-27 18:00:33,134,Cell_3,373,-79,7,69,78,0,mMTC,42,32,2.54,4K
2025-01-27 18:00:34,135,Cell_1,674,-85,7,63,70,1,eMBB,41,46,2.99,4K
2025-01-27 18:00:35,136,Cell_4,909,-70,7,81,73,1,URLLC,38,30,2.2,4K
2025-01-27 18:00:36,137,Cell_3,160,-64,9,83,79,1,mMTC,42,12,0.87,HD
2025-01-27 18:00:37,138,Cell_2,676,-81,4,77,71,0,eMBB,40,44,2.57,HD
2025-01-27 18:00:38,139,Cell_1,992,-85,5,55,50,0,URLLC,33,10,1.75,4K
2025-01-27 18:00:39,140,Cell_3,312,-78,8,96,76,1,eMBB,32,49,0.54,4K
2025-01-27 18:00:40,141,Cell_3,258,-62,6,60,59,0,eMBB,38,32,2.03,HD
2025-01-27 18:00:41,142,Cell_1,795,-62,9,60,61,1,eMBB,14,13,1.44,4K
2025-01-27 18:00:42,143,Cell_4,472,-68,4,76,72,1,URLLC,47,24,0.4,HD
2025-01-27 18:00:43,144,Cell_4,166,-73,0,80,65,0,mMTC,11,15,0.66,4K
2025-01-27 18:00:44,145,Cell_1,521,-66,2,73,76,1,URLLC,31,24,1.81,4K
2025-01-27 18:00:45,146,Cell_4,984,-84,2,82,71,0,eMBB,36,44,1.88,HD
2025-01-27 18:00:46,147,Cell_4,213,-67,4,74,84,0,URLLC,37,24,0.29,HD
2025-01-27 18:00:47,148,Cell_2,985,-66,8,77,57,1,URLLC,32,14,2.88,4K
2025-01-27 18:00:48,149,Cell_2,473,-61,0,63,81,1,eMBB,42,21,1.65,4K
2025-01-27 18:00:49,150,Cell_4,437,-71,3,60,55,0,URLLC,17,49,1.79,4K
2025-01-27 18:00:50,151,Cell_3,769,-65,1,78,68,0,eMBB,40,30,1.22,4K
2025-01-27 18:00:51,152,Cell_2,767,-79,9,59,88,0,mMTC,19,10,1.11,4K
2025-01-27 18:00:52,153,Cell_4,838,-64,8,65,66,0,URLLC,19,15,1.29,HD
2025-01-27 18:00:53,154,Cell_3,578,-87,5,74,70,1,mMTC,35,46,2.16,HD
2025-01-27 18:00:54,155,Cell_5,296,-82,2,85,87,1,eMBB,29,13,1.65,4K
2025-01-27 18:00:55,156,Cell_4,458,-70,7,63,82,1,URLLC,22,28,2.32,HD
2025-01-27 18:00:56,157,Cell_3,159,-80,0,89,69,0,mMTC,31,15,0.1,4K
2025-01-27 18:00:57,158,Cell_4,971,-78,9,60,76,0,mMTC,44,36,1.27,HD
2025-01-27 18:00:58,159,Cell_4,936,-70,6,79,81,1,mMTC,46,25,1.72,4K
2025-01-27 18:00:59,160,Cell_1,212,-76,7,80,86,0,mMTC,33,34,0.5,4K
2025-01-27 18:01:00,161,Cell_5,846,-68,4,91,76,0,URLLC,48,35,2.4,4K
2025-01-27 18:01:01,162,Cell_1,211,-61,4,51,78,1,mMTC,11,20,0.2,4K
2025-01-27 18:01:02,163,Cell_3,887,-84,8,51,61,0,URLLC,17,17,1.63,HD
2025-01-27 18:01:03,164,Cell_4,631,-81,1,50,62,0,mMTC,33,46,2.71,4K
2025-01-27 18:01:04,165,Cell_2,734,-65,6,80,67,1,URLLC,42,22,1.6,4K
2025-01-27 18:01:05,166,Cell_4,339,-83,1,50,82,1,URLLC,44,19,1.61,4K
2025-01-27 18:01:06,167,Cell_2,540,-79,7,90,52,1,mMTC,36,34,0.68,HD
2025-01-27 18:01:07,168,Cell_2,494,-78,3,65,78,0,URLLC,28,38,0.34,HD
2025-01-27 18:01:08,169,Cell_5,983,-73,8,85,59,1,mMTC,31,49,0.29,HD
2025-01-27 18:01:09,170,Cell_2,864,-73,8,64,88,0,eMBB,10,45,0.78,HD
2025-01-27 18:01:10,171,Cell_3,907,-70,8,53,73,0,eMBB,44,18,0.55,HD
2025-01-27 18:01:11,172,Cell_4,691,-78,0,61,74,1,URLLC,24,23,1.52,4K
2025-01-27 18:01:12,173,Cell_5,416,-77,6,98,52,1,URLLC,41,35,0.94,HD
2025-01-27 18:01:13,174,Cell_2,914,-72,5,95,55,1,eMBB,37,36,1.57,4K
2025-01-27 18:01:14,175,Cell_2,129,-85,0,51,50,0,eMBB,32,10,2.15,HD
2025-01-27 18:01:15,176,Cell_1,858,-67,8,89,58,0,eMBB,14,27,0.14,4K
2025-01-27 18:01:16,177,Cell_1,510,-83,0,60,73,0,mMTC,27,44,1.1,4K
2025-01-27 18:01:17,178,Cell_1,254,-85,0,89,72,1,URLLC,14,35,2.26,HD
2025-01-27 18:01:18,179,Cell_4,140,-85,2,71,51,0,URLLC,30,26,0.6,4K
2025-01-27 18:01:19,180,Cell_3,993,-64,6,96,80,1,URLLC,26,32,0.62,HD
2025-01-27 18:01:20,181,Cell_5,389,-90,5,60,66,1,mMTC,25,36,2.25,HD
2025-01-27 18:01:21,182,Cell_2,310,-70,7,76,76,1,mMTC,43,45,2.58,HD
2025-01-27 18:01:22,183,Cell_4,891,-70,9,56,66,1,mMTC,31,11,2.93,4K
2025-01-27 18:01:23,184,Cell_3,957,-62,9,96,70,1,eMBB,44,29,0.91,4K
2025-01-27 18:01:24,185,Cell_2,866,-69,0,53,51,0,mMTC,32,26,2.74,4K
2025-01-27 18:01:25,186,Cell_4,602,-61,5,94,71,1,eMBB,23,35,2.39,4K
2025-01-27 18:01:26,187,Cell_3,432,-69,7,64,50,0,mMTC,39,40,1.69,4K
2025-01-27 18:01:27,188,Cell_5,538,-81,9,96,66,1,eMBB,47,29,1.84,HD
2025-01-27 18:01:28,189,Cell_3,426,-62,7,62,87,1,eMBB,32,14,1.42,HD
2025-01-27 18:01:29,190,Cell_2,401,-80,1,61,54,0,mMTC,14,31,1.2,4K
2025-01-27 18:01:30,191,Cell_2,845,-88,2,77,86,1,mMTC,19,34,2.75,4K
2025-01-27 18:01:31,192,Cell_2,534,-68,3,82,63,0,mMTC,32,20,2.88,HD
2025-01-27 18:01:32,193,Cell_2,395,-89,8,71,56,0,eMBB,43,25,1.6,4K
2025-01-27 18:01:33,194,Cell_1,832,-65,7,81,77,0,URLLC,31,12,1.51,HD
2025-01-27 18:01:34,195,Cell_2,775,-73,9,98,78,0,URLLC,43,30,1.86,4K
2025-01-27 18:01:35,196,Cell_2,284,-66,1,66,63,0,eMBB,19,28,2.58,4K
2025-01-27 18:01:36,197,Cell_4,633,-85,2,52,58,0,eMBB,39,23,1.9,4K
2025-01-27 18:01:37,198,Cell_4,546,-81,1,85,74,1,URLLC,26,19,1.97,HD
2025-01-27 18:01:38,199,Cell_1,697,-69,2,60,76,1,eMBB,47,36,1.93,4K
2025-01-27 18:01:39,200,Cell_2,891,-87,8,76,56,1,eMBB,21,48,2.87,HD
2025-01-27 18:01:40,201,Cell_2,129,-66,4,62,58,0,eMBB,47,17,2.58,4K
2025-01-27 18:01:41,202,Cell_3,292,-64,0,82,82,1,eMBB,45,46,2.69,4K
2025-01-27 18:01:42,203,Cell_1,158,-72,2,55,70,0,eMBB,30,42,0.57,HD
2025-01-27 18:01:43,204,Cell_4,778,-86,1,50,54,0,mMTC,11,21,0.47,HD
2025-01-27 18:01:44,205,Cell_2,644,-86,1,94,89,0,mMTC,39,25,1.09,HD
2025-01-27 18:01:45,206,Cell_5,311,-62,5,82,51,1,mMTC,10,11,1.21,HD
2025-01-27 18:01:46,207,Cell_3,579,-89,8,67,61,0,eMBB,29,10,0.13,HD
2025-01-27 18:01:47,208,Cell_1,195,-78,4,74,59,1,mMTC,35,18,0.39,HD
2025-01-27 18:01:48,209,Cell_3,860,-64,7,67,86,0,URLLC,16,12,1.59,4K
2025-01-27 18:01:49,210,Cell_2,413,-68,8,96,66,0,mMTC,37,36,1.29,4K
2025-01-27 18:01:50,211,Cell_4,122,-73,7,81,52,0,URLLC,40,49,0.63,4K
2025-01-27 18:01:51,212,Cell_1,328,-82,9,75,60,0,URLLC,41,10,0.3,HD
2025-01-27 18:01:52,213,Cell_2,636,-62,2,68,59,0,mMTC,24,20,0.52,4K
2025-01-27 18:01:53,214,Cell_4,752,-78,8,74,69,0,mMTC,44,20,0.18,HD
2025-01-27 18:01:54,215,Cell_1,370,-78,2,63,84,1,mMTC,20,48,2.57,HD
2025-01-27 18:01:55,216,Cell_2,907,-83,2,68,58,1,URLLC,40,10,2.3,HD
2025-01-27 18:01:56,217,Cell_3,781,-75,7,83,75,0,mMTC,39,30,0.31,HD
2025-01-27 18:01:57,218,Cell_5,804,-66,3,74,82,1,URLLC,27,40,0.78,HD
2025-01-27 18:01:58,219,Cell_4,699,-73,5,64,64,1,mMTC,36,47,1.06,HD
2025-01-27 18:01:59,220,Cell_1,155,-75,2,61,57,0,URLLC,25,49,2.15,HD
2025-01-27 18:02:00,221,Cell_3,991,-81,1,57,54,0,URLLC,22,47,1.49,HD
2025-01-27 18:02:01,222,Cell_5,363,-62,8,90,72,1,mMTC,17,36,2.31,4K
2025-01-27 18:02:02,223,Cell_4,192,-70,8,70,76,1,mMTC,47,23,2.96,4K
2025-01-27 18:02:03,224,Cell_4,702,-67,7,87,84,0,URLLC,32,12,0.74,4K
2025-01-27 18:02:04,225,Cell_4,933,-79,3,99,79,1,mMTC,36,19,0.41,4K
2025-01-27 18:02:05,226,Cell_5,121,-81,8,51,68,0,mMTC,22,47,2.67,HD
2025-01-27 18:02:06,227,Cell_1,773,-78,3,83,89,0,URLLC,18,22,1.99,HD
2025-01-27 18:02:07,228,Cell_4,158,-66,3,64,76,1,mMTC,13,31,2.58,HD
2025-01-27 18:02:08,229,Cell_3,574,-90,2,95,70,0,mMTC,40,29,1.55,HD
2025-01-27 18:02:09,230,Cell_5,550,-69,7,74,62,0,URLLC,46,46,1.88,HD
2025-01-27 18:02:10,231,Cell_2,857,-75,5,94,58,1,mMTC,36,22,2.29,HD
2025-01-27 18:02:11,232,Cell_2,934,-83,0,84,73,0,eMBB,39,10,1.02,4K
2025-01-27 18:02:12,233,Cell_2,481,-88,2,65,84,0,mMTC,28,26,0.72,HD
2025-01-27 18:02:13,234,Cell_5,730,-66,5,92,83,1,URLLC,49,19,0.92,4K
2025-01-27 18:02:14,235,Cell_1,956,-86,1,92,71,1,mMTC,24,44,2.62,HD
2025-01-27 18:02:15,236,Cell_3,103,-64,7,78,85,0,mMTC,44,34,1.38,4K
2025-01-27 18:02:16,237,Cell_1,482,-63,8,80,84,0,URLLC,35,25,0.32,4K
2025-01-27 18:02:17,238,Cell_4,477,-76,5,53,59,0,eMBB,28,31,1.74,HD
2025-01-27 18:02:18,239,Cell_3,275,-78,1,69,70,0,eMBB,15,27,2.76,HD
2025-01-27 18:02:19,240,Cell_5,130,-65,4,79,72,1,eMBB,23,46,2.33,HD
2025-01-27 18:02:20,241,Cell_2,330,-89,5,57,84,0,URLLC,32,11,1.61,HD
2025-01-27 18:02:21,242,Cell_4,719,-86,0,70,58,1,eMBB,32,29,1.57,HD
2025-01-27 18:02:22,243,Cell_4,887,-67,8,66,64,1,mMTC,14,11,1.83,4K
2025-01-27 18:02:23,244,Cell_3,431,-69,8,75,72,1,mMTC,22,40,0.43,HD
2025-01-27 18:02:24,245,Cell_1,568,-61,8,84,73,0,eMBB,27,35,2.89,4K
2025-01-27 18:02:25,246,Cell_4,764,-63,6,67,89,1,mMTC,15,42,2.99,HD
2025-01-27 18:02:26,247,Cell_1,262,-72,9,54,55,1,eMBB,41,47,2.94,HD
2025-01-27 18:02:27,248,Cell_1,318,-84,0,86,86,1,eMBB,33,20,2.98,4K
2025-01-27 18:02:28,249,Cell_1,648,-61,6,74,54,0,eMBB,45,46,1.23,4K
2025-01-27 18:02:29,250,Cell_4,805,-85,6,93,63,1,URLLC,32,31,1.36,4K
2025-01-27 18:02:30,251,Cell_1,198,-80,2,81,73,1,eMBB,22,40,1.13,4K
2025-01-27 18:02:31,252,Cell_3,360,-64,8,57,72,0,mMTC,37,34,0.71,4K
2025-01-27 18:02:32,253,Cell_4,144,-61,0,86,75,0,URLLC,42,18,2.59,4K
2025-01-27 18:02:33,254,Cell_3,187,-69,5,61,71,0,URLLC,24,16,0.24,HD
2025-01-27 18:02:34,255,Cell_1,145,-80,1,85,73,1,URLLC,37,17,2.58,4K
2025-01-27 18:02:35,256,Cell_5,812,-68,8,85,79,0,URLLC,13,45,0.49,HD
2025-01-27 18:02:36,257,Cell_5,398,-87,8,83,74,0,URLLC,12,21,1.17,4K
2025-01-27 18:02:37,258,Cell_4,300,-65,4,95,70,1,eMBB,44,47,2.86,4K
2025-01-27 18:02:38,259,Cell_5,222,-78,6,91,75,1,eMBB,13,49,1.32,4K
2025-01-27 18:02:39,260,Cell_3,661,-77,7,68,63,1,URLLC,26,39,2.47,HD
2025-01-27 18:02:40,261,Cell_1,766,-65,9,59,77,0,URLLC,18,22,2.33,HD
2025-01-27 18:02:41,262,Cell_2,395,-67,4,68,74,0,URLLC,10,22,1.74,HD
2025-01-27 18:02:42,263,Cell_2,742,-88,5,86,63,0,URLLC,34,25,1.33,HD
2025-01-27 18:02:43,264,Cell_1,758,-76,4,52,69,1,eMBB,38,17,0.19,4K
2025-01-27 18:02:44,265,Cell_3,441,-80,7,64,86,1,URLLC,30,14,1.93,4K
2025-01-27 18:02:45,266,Cell_3,812,-68,2,77,64,0,eMBB,38,33,0.59,4K
2025-01-27 18:02:46,267,Cell_5,260,-74,8,64,82,0,mMTC,17,47,0.26,HD
2025-01-27 18:02:47,268,Cell_2,686,-78,7,63,75,0,URLLC,29,32,1.78,4K
2025-01-27 18:02:48,269,Cell_1,445,-77,3,86,70,1,eMBB,37,36,1.2,HD
2025-01-27 18:02:49,270,Cell_4,553,-78,3,50,63,0,mMTC,49,48,0.8,4K
2025-01-27 18:02:50,271,Cell_4,308,-74,9,70,50,0,eMBB,17,17,1.27,HD
2025-01-27 18:02:51,272,Cell_3,948,-88,8,94,62,1,eMBB,19,28,0.38,HD
2025-01-27 18:02:52,273,Cell_3,333,-66,1,90,82,0,mMTC,22,30,1.43,4K
2025-01-27 18:02:53,274,Cell_2,598,-65,4,92,53,1,eMBB,12,48,0.55,HD
2025-01-27 18:02:54,275,Cell_3,472,-74,2,99,81,1,URLLC,43,40,0.69,HD
2025-01-27 18:02:55,276,Cell_3,673,-79,2,85,71,0,mMTC,15,46,1.46,4K
2025-01-27 18:02:56,277,Cell_3,463,-89,2,74,84,0,URLLC,49,34,1.46,4K
2025-01-27 18:02:57,278,Cell_4,368,-61,3,60,72,1,eMBB,44,28,2.74,4K
2025-01-27 18:02:58,279,Cell_4,870,-85,9,99,59,1,URLLC,36,20,1.2,4K
2025-01-27 18:02:59,280,Cell_1,744,-76,8,90,62,0,URLLC,13,16,0.46,HD
2025-01-27 18:03:00,281,Cell_1,568,-62,4,59,56,1,URLLC,38,34,2.09,4K
2025-01-27 18:03:01,282,Cell_5,894,-79,5,87,59,1,eMBB,44,40,0.37,HD
2025-01-27 18:03:02,283,Cell_3,646,-61,5,85,67,0,eMBB,22,19,2.0,HD
2025-01-27 18:03:03,284,Cell_1,202,-88,8,82,70,0,URLLC,32,30,1.47,4K
2025-01-27 18:03:04,285,Cell_1,412,-88,0,86,70,0,eMBB,35,21,2.75,4K
2025-01-27 18:03:05,286,Cell_3,885,-89,5,94,68,1,eMBB,21,16,1.9,HD
2025-01-27 18:03:06,287,Cell_4,724,-82,2,62,64,1,eMBB,24,15,0.87,HD
2025-01-27 18:03:07,288,Cell_3,485,-75,0,80,89,1,URLLC,41,30,2.18,4K
2025-01-27 18:03:08,289,Cell_2,923,-70,3,54,59,1,mMTC,35,23,1.91,4K
2025-01-27 18:03:09,290,Cell_1,190,-77,7,99,83,0,eMBB,45,39,2.5,4K
2025-01-27 18:03:10,291,Cell_4,860,-75,2,79,58,1,URLLC,47,31,1.5,4K
2025-01-27 18:03:11,292,Cell_1,138,-86,6,76,60,0,mMTC,33,23,0.77,HD
2025-01-27 18:03:12,293,Cell_5,242,-61,0,69,70,0,mMTC,44,32,1.75,HD
2025-01-27 18:03:13,294,Cell_4,135,-78,6,82,62,1,mMTC,40,49,2.15,4K
2025-01-27 18:03:14,295,Cell_3,297,-70,1,67,87,1,URLLC,43,36,1.9,4K
2025-01-27 18:03:15,296,Cell_1,445,-65,0,61,87,0,mMTC,43,26,2.6,HD
2025-01-27 18:03:16,297,Cell_2,608,-74,3,80,62,0,URLLC,32,14,0.23,4K
2025-01-27 18:03:17,298,Cell_1,696,-87,1,85,81,1,mMTC,43,28,2.74,HD
2025-01-27 18:03:18,299,Cell_5,895,-72,8,64,53,0,URLLC,36,28,0.87,HD
2025-01-27 18:03:19,300,Cell_1,146,-76,4,66,55,1,URLLC,37,46,1.72,HD
2025-01-27 18:03:20,301,Cell_1,599,-76,3,51,56,0,eMBB,17,45,0.22,HD
2025-01-27 18:03:21,302,Cell_4,396,-79,8,85,68,0,URLLC,32,19,1.82,4K
2025-01-27 18:03:22,303,Cell_1,770,-74,3,72,86,1,eMBB,37,13,1.37,4K
2025-01-27 18:03:23,304,Cell_2,968,-84,0,81,80,0,URLLC,13,42,1.27,4K
2025-01-27 18:03:24,305,Cell_4,971,-86,0,52,64,1,eMBB,28,39,2.0,4K
2025-01-27 18:03:25,306,Cell_3,148,-83,7,76,88,1,eMBB,38,24,0.49,4K
2025-01-27 18:03:26,307,Cell_3,958,-85,3,95,73,0,eMBB,42,21,1.42,HD
2025-01-27 18:03:27,308,Cell_3,394,-80,6,55,88,0,URLLC,16,49,1.91,HD
2025-01-27 18:03:28,309,Cell_5,818,-73,7,76,55,0,mMTC,12,24,2.2,HD
2025-01-27 18:03:29,310,Cell_2,825,-65,5,77,60,1,mMTC,35,39,2.33,4K
2025-01-27 18:03:30,311,Cell_2,751,-62,2,51,56,0,URLLC,17,24,0.73,HD
2025-01-27 18:03:31,312,Cell_2,572,-72,7,63,65,1,URLLC,24,28,1.56,HD
2025-01-27 18:03:32,313,Cell_2,970,-63,0,86,89,0,mMTC,15,48,0.81,HD
2025-01-27 18:03:33,314,Cell_4,401,-78,9,59,53,1,mMTC,28,31,0.7,HD
2025-01-27 18:03:34,315,Cell_3,963,-84,0,65,69,0,eMBB,12,35,0.58,4K
2025-01-27 18:03:35,316,Cell_4,662,-73,4,95,51,1,mMTC,40,27,1.8,4K
2025-01-27 18:03:36,317,Cell_4,697,-65,9,58,89,1,URLLC,15,33,1.5,4K
2025-01-27 18:03:37,318,Cell_5,865,-77,6,58,69,0,eMBB,31,41,2.5,HD
2025-01-27 18:03:38,319,Cell_3,675,-78,8,72,85,1,mMTC,33,38,0.62,HD
2025-01-27 18:03:39,320,Cell_1,167,-74,2,86,67,0,URLLC,16,46,1.85,4K
2025-01-27 18:03:40,321,Cell_3,781,-71,9,95,55,1,URLLC,20,35,1.43,HD
2025-01-27 18:03:41,322,Cell_4,229,-85,0,58,67,1,URLLC,23,24,0.24,4K
2025-01-27 18:03:42,323,Cell_2,457,-69,7,91,62,1,URLLC,28,48,1.87,HD
2025-01-27 18:03:43,324,Cell_1,469,-85,8,77,58,0,mMTC,23,25,1.64,4K
2025-01-27 18:03:44,325,Cell_2,412,-75,3,88,83,1,mMTC,41,28,0.5,HD
2025-01-27 18:03:45,326,Cell_5,446,-66,5,63,64,1,eMBB,45,48,0.33,HD
2025-01-27 18:03:46,327,Cell_3,120,-61,2,76,81,0,eMBB,41,40,0.55,HD
2025-01-27 18:03:47,328,Cell_5,957,-70,9,63,65,1,URLLC,48,45,0.33,4K
2025-01-27 18:03:48,329,Cell_2,432,-68,8,97,61,0,eMBB,29,27,1.48,4K
2025-01-27 18:03:49,330,Cell_2,770,-69,7,81,71,0,mMTC,33,48,0.65,4K
2025-01-27 18:03:50,331,Cell_4,318,-88,3,82,52,1,eMBB,15,37,2.91,HD
2025-01-27 18:03:51,332,Cell_1,103,-84,2,79,80,1,eMBB,19,34,0.82,HD
2025-01-27 18:03:52,333,Cell_4,325,-64,6,54,86,0,mMTC,33,17,1.25,HD
2025-01-27 18:03:53,334,Cell_2,206,-77,7,73,71,1,mMTC,26,17,1.08,HD
2025-01-27 18:03:54,335,Cell_5,682,-88,0,62,53,1,eMBB,11,32,0.44,4K
2025-01-27 18:03:55,336,Cell_1,103,-73,9,98,55,1,mMTC,39,45,1.0,4K
2025-01-27 18:03:56,337,Cell_5,583,-79,0,50,53,1,eMBB,38,25,0.28,4K
2025-01-27 18:03:57,338,Cell_3,108,-77,1,70,65,1,URLLC,13,26,2.32,4K
2025-01-27 18:03:58,339,Cell_5,767,-77,0,68,71,0,URLLC,32,26,1.15,HD
2025-01-27 18:03:59,340,Cell_2,524,-69,3,89,87,0,eMBB,46,31,1.12,HD
2025-01-27 18:04:00,341,Cell_2,607,-71,8,62,60,1,eMBB,36,36,2.81,HD
2025-01-27 18:04:01,342,Cell_2,774,-72,2,92,82,0,mMTC,40,45,1.5,HD
2025-01-27 18:04:02,343,Cell_3,232,-70,3,81,62,1,mMTC,46,29,2.46,HD
2025-01-27 18:04:03,344,Cell_5,967,-89,0,85,54,0,URLLC,12,43,0.49,4K
2025-01-27 18:04:04,345,Cell_2,614,-72,1,86,89,1,URLLC,45,13,1.29,4K
2025-01-27 18:04:05,346,Cell_5,431,-76,8,68,87,0,eMBB,20,15,1.16,HD
2025-01-27 18:04:06,347,Cell_5,800,-70,0,97,60,1,mMTC,33,22,2.96,HD
2025-01-27 18:04:07,348,Cell_5,645,-83,8,81,53,0,URLLC,39,42,1.86,4K
2025-01-27 18:04:08,349,Cell_1,111,-70,3,62,66,0,eMBB,16,47,1.72,HD
2025-01-27 18:04:09,350,Cell_3,477,-80,0,61,82,1,mMTC,30,16,1.91,HD
2025-01-27 18:04:10,351,Cell_3,593,-80,6,83,61,1,mMTC,32,17,1.48,HD
2025-01-27 18:04:11,352,Cell_5,245,-62,7,94,62,1,URLLC,24,26,0.86,4K
2025-01-27 18:04:12,353,Cell_5,602,-76,8,72,60,0,mMTC,29,12,2.99,4K
2025-01-27 18:04:13,354,Cell_3,914,-82,1,88,84,1,URLLC,45,47,1.88,HD
2025-01-27 18:04:14,355,Cell_2,128,-82,7,57,69,1,URLLC,39,39,2.02,HD
2025-01-27 18:04:15,356,Cell_1,649,-66,5,90,51,1,URLLC,36,43,1.01,HD
2025-01-27 18:04:16,357,Cell_1,329,-85,7,89,51,1,mMTC,25,24,1.3,4K
2025-01-27 18:04:17,358,Cell_4,636,-69,7,70,65,1,mMTC,40,25,1.44,4K
2025-01-27 18:04:18,359,Cell_2,883,-66,2,84,79,1,URLLC,25,45,2.57,4K
2025-01-27 18:04:19,360,Cell_5,381,-65,2,55,50,0,mMTC,20,45,2.21,4K
2025-01-27 18:04:20,361,Cell_3,754,-66,0,85,88,1,mMTC,39,23,0.51,HD
2025-01-27 18:04:21,362,Cell_1,675,-62,7,67,66,1,eMBB,15,12,0.2,4K
2025-01-27 18:04:22,363,Cell_4,876,-79,9,66,70,0,URLLC,24,21,0.67,HD
2025-01-27 18:04:23,364,Cell_2,823,-66,9,65,61,1,mMTC,10,32,0.27,HD
2025-01-27 18:04:24,365,Cell_4,824,-80,0,54,81,0,mMTC,26,45,1.32,HD
2025-01-27 18:04:25,366,Cell_4,460,-73,9,62,75,0,URLLC,33,23,2.12,HD
2025-01-27 18:04:26,367,Cell_4,283,-80,8,98,73,0,eMBB,15,36,1.91,4K
2025-01-27 18:04:27,368,Cell_3,140,-78,9,76,63,0,URLLC,47,42,2.14,HD
2025-01-27 18:04:28,369,Cell_4,692,-77,1,78,71,0,URLLC,26,33,1.15,HD
2025-01-27 18:04:29,370,Cell_1,346,-77,8,50,62,0,eMBB,14,18,0.99,4K
2025-01-27 18:04:30,371,Cell_5,863,-83,0,73,53,0,mMTC,35,45,0.5,HD
2025-01-27 18:04:31,372,Cell_2,557,-67,7,52,69,1,URLLC,32,33,0.39,HD
2025-01-27 18:04:32,373,Cell_1,578,-69,1,95,53,0,URLLC,26,27,0.86,HD
2025-01-27 18:04:33,374,Cell_3,693,-90,1,95,89,1,mMTC,15,41,0.7,4K
2025-01-27 18:04:34,375,Cell_1,635,-76,7,71,75,1,eMBB,15,34,2.46,4K
2025-01-27 18:04:35,376,Cell_2,793,-73,9,92,85,0,eMBB,37,31,1.42,4K
2025-01-27 18:04:36,377,Cell_4,720,-88,4,55,55,0,mMTC,13,40,2.18,HD
2025-01-27 18:04:37,378,Cell_2,128,-79,6,98,82,1,mMTC,17,46,2.62,4K
2025-01-27 18:04:38,379,Cell_5,233,-88,3,83,67,1,URLLC,12,47,1.63,4K
2025-01-27 18:04:39,380,Cell_5,725,-71,8,70,56,1,eMBB,35,28,1.31,HD
2025-01-27 18:04:40,381,Cell_1,239,-64,5,54,50,0,eMBB,21,34,1.01,HD
2025-01-27 18:04:41,382,Cell_5,647,-65,8,81,52,0,eMBB,25,29,0.45,HD
2025-01-27 18:04:42,383,Cell_1,420,-73,9,57,62,1,mMTC,38,15,0.21,HD
2025-01-27 18:04:43,384,Cell_1,560,-61,5,72,68,1,URLLC,39,34,2.24,HD
2025-01-27 18:04:44,385,Cell_5,261,-79,7,51,59,1,mMTC,26,43,2.9,4K
2025-01-27 18:04:45,386,Cell_2,557,-87,8,58,53,0,eMBB,44,11,2.97,4K
2025-01-27 18:04:46,387,Cell_3,800,-89,1,89,83,0,eMBB,10,41,2.23,4K
2025-01-27 18:04:47,388,Cell_2,524,-62,2,63,71,1,mMTC,25,36,2.0,HD
2025-01-27 18:04:48,389,Cell_1,258,-78,7,89,82,0,mMTC,37,19,1.64,4K
2025-01-27 18:04:49,390,Cell_5,718,-68,8,57,53,1,URLLC,42,30,2.47,4K
2025-01-27 18:04:50,391,Cell_4,379,-75,8,66,85,0,mMTC,18,47,2.66,4K
2025-01-27 18:04:51,392,Cell_3,431,-80,5,95,82,1,mMTC,21,16,0.73,4K
2025-01-27 18:04:52,393,Cell_1,132,-80,7,70,68,1,URLLC,41,22,0.52,4K
2025-01-27 18:04:53,394,Cell_3,796,-77,9,79,79,1,eMBB,18,13,2.22,HD
2025-01-27 18:04:54,395,Cell_2,977,-62,3,88,87,1,mMTC,28,35,0.28,4K
2025-01-27 18:04:55,396,Cell_2,668,-81,0,51,72,1,eMBB,36,38,1.91,4K
2025-01-27 18:04:56,397,Cell_4,569,-84,6,78,71,0,mMTC,37,38,1.22,HD
2025-01-27 18:04:57,398,Cell_2,238,-77,2,91,82,0,mMTC,43,44,1.78,HD
2025-01-27 18:04:58,399,Cell_3,406,-82,6,99,87,1,URLLC,38,14,1.48,HD
2025-01-27 18:04:59,400,Cell_4,608,-74,9,50,66,1,URLLC,13,27,2.09,HD
2025-01-27 18:05:00,401,Cell_3,369,-80,7,53,55,1,URLLC,32,30,0.46,HD
2025-01-27 18:05:01,402,Cell_1,560,-75,7,89,53,1,eMBB,37,13,1.88,4K
2025-01-27 18:05:02,403,Cell_3,855,-76,5,79,84,1,URLLC,38,35,2.2,4K
2025-01-27 18:05:03,404,Cell_4,792,-82,2,64,57,0,eMBB,22,32,1.68,HD
2025-01-27 18:05:04,405,Cell_3,250,-73,3,88,77,0,mMTC,11,40,1.02,4K
2025-01-27 18:05:05,406,Cell_5,885,-73,8,98,89,1,eMBB,16,14,0.31,4K
2025-01-27 18:05:06,407,Cell_1,194,-77,1,61,50,1,mMTC,35,20,1.3,4K
2025-01-27 18:05:07,408,Cell_5,538,-81,3,97,83,0,URLLC,16,25,0.74,4K
2025-01-27 18:05:08,409,Cell_3,432,-85,2,83,56,0,URLLC,36,22,0.54,4K
2025-01-27 18:05:09,410,Cell_5,706,-68,0,97,54,0,eMBB,25,16,1.13,HD
2025-01-27 18:05:10,411,Cell_2,390,-67,0,61,64,0,mMTC,36,27,2.75,HD
2025-01-27 18:05:11,412,Cell_1,899,-87,4,64,71,1,mMTC,37,24,0.88,HD
2025-01-27 18:05:12,413,Cell_3,901,-76,6,51,65,0,mMTC,43,48,1.51,HD
2025-01-27 18:05:13,414,Cell_2,535,-87,9,53,65,0,URLLC,23,36,0.37,4K
2025-01-27 18:05:14,415,Cell_1,140,-73,1,50,81,1,mMTC,27,36,0.51,4K
2025-01-27 18:05:15,416,Cell_2,106,-72,8,58,56,1,eMBB,14,21,0.93,HD
2025-01-27 18:05:16,417,Cell_4,843,-90,1,78,73,0,eMBB,38,33,1.58,4K
2025-01-27 18:05:17,418,Cell_4,238,-65,9,75,52,0,URLLC,34,40,0.64,4K
2025-01-27 18:05:18,419,Cell_4,422,-85,8,69,63,0,eMBB,14,26,1.04,4K
2025-01-27 18:05:19,420,Cell_2,227,-71,8,77,73,1,URLLC,28,39,0.47,4K
2025-01-27 18:05:20,421,Cell_3,786,-76,7,86,88,0,mMTC,44,44,1.97,HD
2025-01-27 18:05:21,422,Cell_1,998,-76,2,56,84,1,eMBB,33,36,0.29,HD
2025-01-27 18:05:22,423,Cell_2,923,-67,9,66,75,1,URLLC,24,12,2.84,4K
2025-01-27 18:05:23,424,Cell_1,608,-61,7,96,81,0,mMTC,30,37,1.46,4K
2025-01-27 18:05:24,425,Cell_4,101,-74,4,52,84,1,URLLC,13,35,0.22,HD
2025-01-27 18:05:25,426,Cell_5,501,-72,2,73,55,0,mMTC,35,33,0.36,HD
2025-01-27 18:05:26,427,Cell_3,323,-86,6,94,74,0,eMBB,23,12,0.12,HD
2025-01-27 18:05:27,428,Cell_3,247,-79,6,58,66,0,mMTC,11,19,1.51,4K
2025-01-27 18:05:28,429,Cell_3,765,-72,7,75,76,1,URLLC,12,45,2.33,HD
2025-01-27 18:05:29,430,Cell_2,958,-69,7,63,76,0,mMTC,43,45,1.35,4K
2025-01-27 18:05:30,431,Cell_4,370,-64,4,55,61,0,eMBB,18,49,0.44,HD
2025-01-27 18:05:31,432,Cell_2,940,-86,0,94,53,0,mMTC,19,35,1.5,4K
2025-01-27 18:05:32,433,Cell_4,521,-66,0,57,50,0,mMTC,32,41,1.28,HD
2025-01-27 18:05:33,434,Cell_5,836,-61,5,50,62,1,mMTC,12,31,0.18,4K
2025-01-27 18:05:34,435,Cell_5,444,-78,9,53,78,1,URLLC,27,21,2.23,4K
2025-01-27 18:05:35,436,Cell_4,622,-82,8,86,66,0,URLLC,32,10,1.3,HD
2025-01-27 18:05:36,437,Cell_1,996,-66,8,82,58,0,mMTC,37,47,0.41,HD
2025-01-27 18:05:37,438,Cell_1,345,-65,6,84,73,1,URLLC,46,14,2.48,4K
2025-01-27 18:05:38,439,Cell_5,930,-63,1,79,55,1,URLLC,22,14,0.11,4K
2025-01-27 18:05:39,440,Cell_5,281,-90,0,94,53,1,eMBB,29,36,1.54,4K
2025-01-27 18:05:40,441,Cell_4,295,-87,5,64,69,0,eMBB,23,11,0.59,4K
2025-01-27 18:05:41,442,Cell_4,316,-62,8,51,79,1,URLLC,14,15,1.51,4K
2025-01-27 18:05:42,443,Cell_2,311,-76,7,73,72,1,URLLC,14,22,2.32,HD
2025-01-27 18:05:43,444,Cell_1,205,-83,3,50,59,1,URLLC,13,25,0.87,4K
2025-01-27 18:05:44,445,Cell_3,203,-61,1,91,68,0,URLLC,14,27,2.21,4K
2025-01-27 18:05:45,446,Cell_5,164,-68,1,99,63,0,mMTC,42,35,1.04,4K
2025-01-27 18:05:46,447,Cell_1,375,-68,4,52,66,0,mMTC,28,20,1.84,HD
2025-01-27 18:05:47,448,Cell_2,627,-72,8,76,77,1,URLLC,22,45,1.46,4K
2025-01-27 18:05:48,449,Cell_1,474,-83,5,94,68,0,mMTC,25,41,2.06,4K
2025-01-27 18:05:49,450,Cell_1,871,-90,6,52,78,0,mMTC,34,33,0.89,HD
2025-01-27 18:05:50,451,Cell_3,583,-88,5,89,82,1,URLLC,15,23,1.61,4K
2025-01-27 18:05:51,452,Cell_2,296,-67,0,86,58,1,URLLC,33,10,1.38,HD
2025-01-27 18:05:52,453,Cell_5,434,-68,6,89,76,0,mMTC,38,10,1.39,HD
2025-01-27 18:05:53,454,Cell_3,561,-76,9,51,55,0,URLLC,17,26,1.76,HD
2025-01-27 18:05:54,455,Cell_4,626,-84,9,73,88,0,URLLC,10,22,0.94,HD
2025-01-27 18:05:55,456,Cell_1,220,-80,3,51,51,1,URLLC,32,12,0.61,HD
2025-01-27 18:05:56,457,Cell_2,829,-66,4,62,88,1,mMTC,43,34,2.24,4K
2025-01-27 18:05:57,458,Cell_1,856,-90,4,80,68,1,URLLC,39,48,1.54,4K
2025-01-27 18:05:58,459,Cell_2,727,-63,5,65,73,1,eMBB,20,17,0.16,4K
2025-01-27 18:05:59,460,Cell_4,192,-63,0,78,85,0,eMBB,47,41,1.83,HD
2025-01-27 18:06:00,461,Cell_5,453,-66,0,73,81,1,URLLC,28,44,2.22,4K
2025-01-27 18:06:01,462,Cell_2,461,-87,6,81,76,0,URLLC,40,40,0.45,4K
2025-01-27 18:06:02,463,Cell_4,534,-67,0,79,54,1,eMBB,12,46,0.51,4K
2025-01-27 18:06:03,464,Cell_3,754,-62,4,66,53,1,eMBB,11,48,2.99,4K
2025-01-27 18:06:04,465,Cell_1,368,-87,3,58,52,1,mMTC,35,11,2.17,4K
2025-01-27 18:06:05,466,Cell_1,151,-82,1,56,70,1,mMTC,41,30,1.9,HD
2025-01-27 18:06:06,467,Cell_4,462,-76,8,92,73,0,URLLC,30,42,0.32,HD
2025-01-27 18:06:07,468,Cell_3,667,-66,6,56,75,0,URLLC,45,29,1.91,HD
2025-01-27 18:06:08,469,Cell_5,747,-89,3,87,57,1,mMTC,11,27,2.4,4K
2025-01-27 18:06:09,470,Cell_5,843,-71,4,54,82,1,URLLC,39,22,2.06,HD
2025-01-27 18:06:10,471,Cell_4,725,-64,2,88,82,0,eMBB,23,17,2.51,4K
2025-01-27 18:06:11,472,Cell_3,268,-67,4,86,86,1,mMTC,41,46,0.75,HD
2025-01-27 18:06:12,473,Cell_2,894,-62,1,97,66,1,eMBB,29,18,0.8,HD
2025-01-27 18:06:13,474,Cell_1,688,-79,3,55,73,0,URLLC,33,28,1.09,HD
2025-01-27 18:06:14,475,Cell_3,534,-79,2,56,86,1,mMTC,48,45,0.19,4K
2025-01-27 18:06:15,476,Cell_5,306,-73,5,90,67,0,eMBB,23,41,0.29,HD
2025-01-27 18:06:16,477,Cell_1,914,-83,3,58,81,1,URLLC,46,20,2.92,HD
2025-01-27 18:06:17,478,Cell_3,324,-62,4,57,60,0,URLLC,45,40,1.85,HD
2025-01-27 18:06:18,479,Cell_1,194,-84,0,58,66,0,eMBB,23,27,1.36,HD
2025-01-27 18:06:19,480,Cell_1,628,-65,4,55,60,1,mMTC,21,14,1.52,HD
2025-01-27 18:06:20,481,Cell_2,382,-69,0,76,84,0,URLLC,24,45,1.13,HD
2025-01-27 18:06:21,482,Cell_3,590,-77,5,80,61,0,mMTC,42,15,0.32,4K
2025-01-27 18:06:22,483,Cell_4,612,-70,8,94,67,1,URLLC,13,34,2.78,HD
2025-01-27 18:06:23,484,Cell_1,396,-72,3,64,80,1,eMBB,11,46,0.3,4K
2025-01-27 18:06:24,485,Cell_4,382,-75,9,65,50,1,URLLC,20,36,1.29,4K
2025-01-27 18:06:25,486,Cell_2,164,-64,0,51,55,0,eMBB,29,42,1.7,HD
2025-01-27 18:06:26,487,Cell_1,552,-89,4,59,89,1,URLLC,22,39,1.85,4K
2025-01-27 18:06:27,488,Cell_3,225,-63,4,73,73,0,eMBB,46,29,0.65,4K
2025-01-27 18:06:28,489,Cell_4,947,-78,9,82,78,0,eMBB,15,44,1.77,HD
2025-01-27 18:06:29,490,Cell_5,398,-63,7,67,65,1,eMBB,17,26,0.63,4K
2025-01-27 18:06:30,491,Cell_1,268,-70,7,64,74,1,eMBB,48,32,0.61,4K
2025-01-27 18:06:31,492,Cell_2,179,-76,4,55,72,0,URLLC,23,49,0.76,HD
2025-01-27 18:06:32,493,Cell_1,511,-80,6,56,77,1,URLLC,35,17,0.51,HD
2025-01-27 18:06:33,494,Cell_2,142,-86,1,96,57,0,URLLC,41,19,1.66,HD
2025-01-27 18:06:34,495,Cell_4,767,-77,5,79,79,1,URLLC,39,29,1.01,HD
2025-01-27 18:06:35,496,Cell_2,448,-82,0,92,62,0,URLLC,13,17,1.01,4K
2025-01-27 18:06:36,497,Cell_5,126,-66,6,93,87,0,mMTC,48,23,1.86,HD
2025-01-27 18:06:37,498,Cell_5,333,-71,6,67,86,1,mMTC,40,42,1.18,HD
2025-01-27 18:06:38,499,Cell_4,713,-70,3,56,87,1,mMTC,39,12,1.7,4K
2025-01-27 18:06:39,500,Cell_4,816,-61,2,65,62,1,mMTC,43,18,2.9,HD
2025-01-27 18:06:40,501,Cell_2,455,-66,2,78,68,0,mMTC,15,27,0.8,4K
2025-01-27 18:06:41,502,Cell_2,116,-87,4,96,72,0,URLLC,37,49,1.39,4K
2025-01-27 18:06:42,503,Cell_3,375,-61,1,87,64,1,URLLC,23,17,0.53,HD
2025-01-27 18:06:43,504,Cell_4,672,-66,0,91,89,0,URLLC,41,24,1.94,4K
2025-01-27 18:06:44,505,Cell_3,352,-63,6,59,81,1,eMBB,28,27,0.69,4K
2025-01-27 18:06:45,506,Cell_1,726,-62,7,57,55,1,mMTC,33,42,0.11,4K
2025-01-27 18:06:46,507,Cell_3,675,-86,9,83,81,0,mMTC,22,24,2.73,HD
2025-01-27 18:06:47,508,Cell_1,832,-71,2,71,89,0,eMBB,40,13,2.29,HD
2025-01-27 18:06:48,509,Cell_5,119,-72,9,55,56,1,mMTC,38,42,0.93,4K
2025-01-27 18:06:49,510,Cell_5,622,-88,5,89,60,1,eMBB,11,19,1.07,4K
2025-01-27 18:06:50,511,Cell_4,777,-83,8,82,81,0,URLLC,46,20,1.74,HD
2025-01-27 18:06:51,512,Cell_1,314,-72,1,89,67,1,mMTC,44,35,1.28,4K
2025-01-27 18:06:52,513,Cell_3,491,-65,6,53,80,0,URLLC,14,10,0.1,HD
2025-01-27 18:06:53,514,Cell_1,978,-62,4,92,52,1,mMTC,17,20,1.34,4K
2025-01-27 18:06:54,515,Cell_5,806,-74,8,70,52,0,mMTC,18,20,2.74,4K
2025-01-27 18:06:55,516,Cell_3,406,-80,2,63,50,0,eMBB,18,47,1.95,HD
2025-01-27 18:06:56,517,Cell_2,873,-80,5,87,68,0,mMTC,35,11,0.4,4K
2025-01-27 18:06:57,518,Cell_3,489,-80,9,77,63,1,eMBB,27,28,1.71,4K
2025-01-27 18:06:58,519,Cell_2,875,-81,4,50,65,1,mMTC,17,26,2.45,4K
2025-01-27 18:06:59,520,Cell_5,637,-72,7,86,58,0,URLLC,13,16,0.43,HD
2025-01-27 18:07:00,521,Cell_1,383,-84,6,65,72,1,mMTC,49,31,0.17,HD
2025-01-27 18:07:01,522,Cell_4,404,-87,5,92,89,0,URLLC,35,32,0.13,4K
2025-01-27 18:07:02,523,Cell_1,373,-76,4,63,51,1,eMBB,44,42,2.48,HD
2025-01-27 18:07:03,524,Cell_3,247,-85,0,90,51,1,mMTC,24,31,1.72,HD
2025-01-27 18:07:04,525,Cell_4,258,-76,6,61,85,0,mMTC,34,41,0.21,4K
2025-01-27 18:07:05,526,Cell_2,342,-65,9,73,62,1,mMTC,45,33,0.31,HD
2025-01-27 18:07:06,527,Cell_1,131,-65,0,70,68,1,eMBB,16,24,2.07,4K
2025-01-27 18:07:07,528,Cell_2,530,-79,5,59,74,0,eMBB,47,45,0.35,4K
2025-01-27 18:07:08,529,Cell_4,564,-67,3,93,79,0,URLLC,39,17,2.77,HD
2025-01-27 18:07:09,530,Cell_4,314,-70,8,96,77,1,eMBB,46,14,2.53,4K
2025-01-27 18:07:10,531,Cell_3,934,-90,1,83,86,1,eMBB,44,17,0.53,4K
2025-01-27 18:07:11,532,Cell_2,426,-86,4,91,62,1,mMTC,40,25,1.6,HD
2025-01-27 18:07:12,533,Cell_1,505,-75,2,63,73,1,URLLC,33,41,2.39,4K
2025-01-27 18:07:13,534,Cell_3,298,-88,5,88,52,1,mMTC,25,12,2.31,4K
2025-01-27 18:07:14,535,Cell_2,158,-86,1,90,87,0,URLLC,27,35,2.64,4K
2025-01-27 18:07:15,536,Cell_5,194,-75,8,88,86,0,mMTC,13,39,1.19,HD
2025-01-27 18:07:16,537,Cell_4,141,-79,4,90,64,0,URLLC,26,37,2.84,HD
2025-01-27 18:07:17,538,Cell_4,351,-82,9,72,55,0,URLLC,20,37,0.31,HD
2025-01-27 18:07:18,539,Cell_5,981,-73,8,88,50,1,URLLC,24,39,0.73,4K
2025-01-27 18:07:19,540,Cell_1,881,-87,4,76,84,1,eMBB,40,22,0.52,4K
2025-01-27 18:07:20,541,Cell_5,224,-76,8,86,62,0,URLLC,20,48,2.88,HD
2025-01-27 18:07:21,542,Cell_5,554,-75,7,91,89,0,URLLC,20,49,2.34,HD
2025-01-27 18:07:22,543,Cell_5,714,-77,2,82,66,1,mMTC,28,37,2.55,4K
2025-01-27 18:07:23,544,Cell_2,240,-73,2,87,74,1,URLLC,11,49,2.46,4K
2025-01-27 18:07:24,545,Cell_5,562,-69,2,61,60,1,URLLC,39,32,1.08,4K
2025-01-27 18:07:25,546,Cell_3,155,-71,4,60,83,1,mMTC,10,29,2.16,HD
2025-01-27 18:07:26,547,Cell_5,400,-78,5,97,88,0,URLLC,23,28,2.1,4K
2025-01-27 18:07:27,548,Cell_2,141,-62,1,76,50,1,mMTC,13,28,0.21,4K
2025-01-27 18:07:28,549,Cell_3,587,-64,3,67,57,0,mMTC,39,45,2.32,4K
2025-01-27 18:07:29,550,Cell_5,724,-69,8,61,64,0,mMTC,15,19,0.66,4K
2025-01-27 18:07:30,551,Cell_1,168,-81,9,94,62,1,mMTC,34,30,0.9,HD
2025-01-27 18:07:31,552,Cell_4,199,-63,7,76,72,1,eMBB,13,35,2.57,4K
2025-01-27 18:07:32,553,Cell_2,585,-89,3,93,70,1,mMTC,24,45,2.71,4K
2025-01-27 18:07:33,554,Cell_2,933,-73,5,68,60,1,mMTC,27,17,0.54,HD
2025-01-27 18:07:34,555,Cell_2,500,-71,2,85,88,0,URLLC,15,22,1.29,4K
2025-01-27 18:07:35,556,Cell_2,702,-79,3,54,56,0,eMBB,26,33,1.46,HD
2025-01-27 18:07:36,557,Cell_5,265,-88,0,73,59,1,mMTC,19,43,1.58,4K
2025-01-27 18:07:37,558,Cell_2,851,-81,2,70,72,1,URLLC,10,15,2.63,4K
2025-01-27 18:07:38,559,Cell_5,691,-61,0,50,82,0,mMTC,41,39,1.04,HD
2025-01-27 18:07:39,560,Cell_1,503,-67,1,87,76,1,URLLC,48,35,0.74,HD
2025-01-27 18:07:40,561,Cell_1,719,-87,3,88,81,1,mMTC,21,46,1.62,4K
2025-01-27 18:07:41,562,Cell_1,398,-76,3,75,77,0,URLLC,16,29,0.79,HD
2025-01-27 18:07:42,563,Cell_5,216,-77,8,68,54,1,eMBB,30,30,0.12,HD
2025-01-27 18:07:43,564,Cell_3,503,-83,9,57,50,1,mMTC,47,13,2.5,HD
2025-01-27 18:07:44,565,Cell_5,203,-77,9,72,82,1,URLLC,43,27,1.72,4K
2025-01-27 18:07:45,566,Cell_2,871,-71,3,58,64,1,URLLC,26,14,1.12,4K
2025-01-27 18:07:46,567,Cell_5,975,-71,1,76,80,1,URLLC,37,46,2.3,HD
2025-01-27 18:07:47,568,Cell_5,502,-68,0,51,85,1,eMBB,42,37,1.29,HD
2025-01-27 18:07:48,569,Cell_5,729,-81,1,88,51,1,URLLC,36,17,0.84,4K
2025-01-27 18:07:49,570,Cell_2,473,-75,4,67,85,1,mMTC,38,19,2.44,HD
2025-01-27 18:07:50,571,Cell_3,588,-75,8,74,89,1,eMBB,43,37,0.72,HD
2025-01-27 18:07:51,572,Cell_1,660,-64,7,76,61,1,mMTC,33,21,2.22,HD
2025-01-27 18:07:52,573,Cell_5,878,-69,5,93,71,1,eMBB,49,13,2.36,HD
2025-01-27 18:07:53,574,Cell_1,132,-69,5,79,67,0,mMTC,31,18,1.37,4K
2025-01-27 18:07:54,575,Cell_3,147,-61,7,93,77,0,URLLC,16,19,2.97,HD
2025-01-27 18:07:55,576,Cell_3,853,-77,4,81,62,0,eMBB,15,22,2.1,HD
2025-01-27 18:07:56,577,Cell_1,686,-74,1,51,79,1,mMTC,28,46,1.02,4K
2025-01-27 18:07:57,578,Cell_1,883,-79,6,92,89,1,mMTC,33,38,2.44,HD
2025-01-27 18:07:58,579,Cell_4,852,-72,9,97,85,1,URLLC,35,30,1.35,HD
2025-01-27 18:07:59,580,Cell_1,275,-67,0,90,75,0,mMTC,28,10,2.99,HD
2025-01-27 18:08:00,581,Cell_5,788,-79,9,50,54,1,eMBB,20,23,0.74,HD
2025-01-27 18:08:01,582,Cell_4,881,-79,0,83,81,0,eMBB,24,29,1.77,HD
2025-01-27 18:08:02,583,Cell_2,583,-83,5,89,66,0,eMBB,19,25,1.11,4K
2025-01-27 18:08:03,584,Cell_1,437,-73,3,95,88,1,mMTC,33,25,2.66,4K
2025-01-27 18:08:04,585,Cell_2,569,-80,2,78,65,1,URLLC,20,40,2.84,4K
2025-01-27 18:08:05,586,Cell_5,954,-67,4,92,52,0,eMBB,38,17,1.6,HD
2025-01-27 18:08:06,587,Cell_2,694,-86,3,98,62,1,URLLC,43,16,2.02,4K
2025-01-27 18:08:07,588,Cell_3,659,-70,5,72,75,1,eMBB,47,10,2.02,4K
2025-01-27 18:08:08,589,Cell_5,918,-68,4,61,63,0,mMTC,33,43,2.73,4K
2025-01-27 18:08:09,590,Cell_3,416,-87,6,75,76,1,eMBB,31,31,1.93,4K
2025-01-27 18:08:10,591,Cell_1,921,-68,2,58,64,0,URLLC,36,45,0.14,HD
2025-01-27 18:08:11,592,Cell_5,121,-64,0,64,85,1,mMTC,22,36,0.26,HD
2025-01-27 18:08:12,593,Cell_2,422,-73,1,86,63,0,mMTC,27,32,2.11,HD
2025-01-27 18:08:13,594,Cell_3,958,-71,3,66,73,1,eMBB,21,41,0.95,HD
2025-01-27 18:08:14,595,Cell_4,828,-80,1,50,70,1,URLLC,44,17,1.42,4K
2025-01-27 18:08:15,596,Cell_3,229,-78,7,60,56,1,mMTC,31,38,2.2,HD
2025-01-27 18:08:16,597,Cell_1,327,-61,0,97,57,0,mMTC,17,15,0.78,4K
2025-01-27 18:08:17,598,Cell_1,823,-69,6,53,82,0,mMTC,21,15,0.2,4K
2025-01-27 18:08:18,599,Cell_4,514,-73,8,91,52,0,mMTC,34,49,0.17,4K
2025-01-27 18:08:19,600,Cell_4,307,-70,0,76,56,1,URLLC,25,41,1.65,4K
2025-01-27 18:08:20,601,Cell_4,802,-78,7,86,54,1,URLLC,37,37,1.77,HD
2025-01-27 18:08:21,602,Cell_4,892,-65,7,95,84,0,URLLC,46,15,0.68,4K
2025-01-27 18:08:22,603,Cell_1,861,-73,1,80,68,0,URLLC,39,28,0.11,4K
2025-01-27 18:08:23,604,Cell_3,935,-71,6,64,83,1,URLLC,23,20,2.86,HD
2025-01-27 18:08:24,605,Cell_1,726,-77,6,80,70,1,mMTC,39,20,2.0,HD
2025-01-27 18:08:25,606,Cell_4,692,-72,8,98,52,0,URLLC,27,13,0.91,HD
2025-01-27 18:08:26,607,Cell_2,542,-82,1,53,68,1,URLLC,47,41,2.04,4K
2025-01-27 18:08:27,608,Cell_5,835,-67,7,87,79,0,eMBB,37,37,1.43,HD
2025-01-27 18:08:28,609,Cell_3,512,-81,1,86,54,1,URLLC,49,12,0.36,HD
2025-01-27 18:08:29,610,Cell_3,677,-62,0,96,89,1,mMTC,36,35,0.23,4K
2025-01-27 18:08:30,611,Cell_1,881,-80,4,92,83,1,eMBB,25,39,2.6,4K
2025-01-27 18:08:31,612,Cell_1,675,-79,0,81,60,1,eMBB,30,28,0.98,4K
2025-01-27 18:08:32,613,Cell_5,656,-63,2,51,51,0,eMBB,23,38,2.06,HD
2025-01-27 18:08:33,614,Cell_1,751,-90,8,87,52,0,eMBB,10,26,0.43,4K
2025-01-27 18:08:34,615,Cell_1,412,-69,3,53,62,1,mMTC,11,35,1.37,HD
2025-01-27 18:08:35,616,Cell_5,887,-90,2,71,60,0,URLLC,42,38,1.06,HD
2025-01-27 18:08:36,617,Cell_3,387,-78,1,99,81,0,eMBB,32,26,2.88,4K
2025-01-27 18:08:37,618,Cell_4,879,-84,9,82,54,0,URLLC,27,33,2.81,HD
2025-01-27 18:08:38,619,Cell_3,869,-78,9,64,55,0,mMTC,42,22,0.68,4K
2025-01-27 18:08:39,620,Cell_3,370,-61,0,84,65,1,URLLC,32,40,0.72,4K
2025-01-27 18:08:40,621,Cell_3,625,-76,3,96,59,0,URLLC,41,22,0.91,HD
2025-01-27 18:08:41,622,Cell_4,731,-90,0,95,88,0,mMTC,24,36,0.52,HD
2025-01-27 18:08:42,623,Cell_3,442,-70,0,98,51,0,mMTC,36,45,2.37,HD
2025-01-27 18:08:43,624,Cell_3,557,-81,9,84,63,0,mMTC,32,23,2.16,4K
2025-01-27 18:08:44,625,Cell_4,995,-65,2,90,69,1,URLLC,46,37,1.89,4K
2025-01-27 18:08:45,626,Cell_1,223,-77,8,68,59,0,eMBB,28,45,0.45,4K
2025-01-27 18:08:46,627,Cell_1,241,-72,3,79,62,1,URLLC,35,41,2.54,4K
2025-01-27 18:08:47,628,Cell_3,941,-68,7,53,80,0,URLLC,17,16,2.36,HD
2025-01-27 18:08:48,629,Cell_4,876,-77,8,81,67,1,mMTC,18,20,0.31,4K
2025-01-27 18:08:49,630,Cell_1,428,-81,2,72,70,1,URLLC,45,43,0.8,HD
2025-01-27 18:08:50,631,Cell_4,543,-61,2,71,84,0,URLLC,31,39,2.77,HD
2025-01-27 18:08:51,632,Cell_1,363,-77,7,65,50,1,mMTC,34,30,1.91,4K
2025-01-27 18:08:52,633,Cell_1,938,-68,5,86,63,1,mMTC,29,44,2.63,4K
2025-01-27 18:08:53,634,Cell_3,607,-75,6,95,64,1,URLLC,17,39,2.48,4K
2025-01-27 18:08:54,635,Cell_4,286,-68,5,72,86,0,URLLC,16,17,2.57,HD
2025-01-27 18:08:55,636,Cell_3,762,-89,4,66,70,0,URLLC,13,43,2.02,HD
2025-01-27 18:08:56,637,Cell_3,875,-69,4,50,68,0,mMTC,45,35,0.13,4K
2025-01-27 18:08:57,638,Cell_3,322,-71,9,94,75,1,eMBB,33,44,2.72,HD
2025-01-27 18:08:58,639,Cell_3,128,-82,3,91,56,0,eMBB,25,31,2.38,4K
2025-01-27 18:08:59,640,Cell_4,182,-89,6,61,54,0,mMTC,22,29,0.65,HD
2025-01-27 18:09:00,641,Cell_2,864,-84,7,97,56,1,eMBB,13,25,0.96,HD
2025-01-27 18:09:01,642,Cell_4,347,-82,6,62,84,0,mMTC,16,37,1.99,HD
2025-01-27 18:09:02,643,Cell_5,512,-89,1,67,80,0,mMTC,26,40,1.23,HD
2025-01-27 18:09:03,644,Cell_4,734,-75,3,73,87,0,mMTC,34,13,0.44,HD
2025-01-27 18:09:04,645,Cell_3,844,-76,5,80,64,0,URLLC,27,18,2.67,4K
2025-01-27 18:09:05,646,Cell_2,828,-70,9,72,72,0,eMBB,44,32,1.39,4K
2025-01-27 18:09:06,647,Cell_4,356,-73,1,80,87,0,mMTC,35,13,0.57,4K
2025-01-27 18:09:07,648,Cell_1,694,-85,5,63,74,1,mMTC,47,44,1.15,4K
2025-01-27 18:09:08,649,Cell_2,504,-88,9,60,87,1,eMBB,10,28,2.52,HD
2025-01-27 18:09:09,650,Cell_3,920,-90,5,80,76,1,mMTC,34,24,2.22,HD
2025-01-27 18:09:10,651,Cell_1,427,-76,8,51,53,1,URLLC,39,38,1.47,HD
2025-01-27 18:09:11,652,Cell_3,652,-77,9,70,62,0,mMTC,43,13,0.66,HD
2025-01-27 18:09:12,653,Cell_3,829,-68,3,89,67,1,eMBB,18,37,1.84,HD
2025-01-27 18:09:13,654,Cell_1,455,-80,5,58,88,0,mMTC,30,48,2.98,HD
2025-01-27 18:09:14,655,Cell_2,639,-83,3,72,80,0,mMTC,10,40,2.22,4K
2025-01-27 18:09:15,656,Cell_4,458,-83,1,78,67,0,eMBB,28,27,2.3,4K
2025-01-27 18:09:16,657,Cell_4,379,-87,0,88,64,1,eMBB,41,37,1.47,HD
2025-01-27 18:09:17,658,Cell_2,524,-67,5,80,63,0,eMBB,30,33,0.14,4K
2025-01-27 18:09:18,659,Cell_3,936,-64,2,98,67,0,mMTC,18,26,1.88,HD
2025-01-27 18:09:19,660,Cell_2,912,-78,2,83,64,1,URLLC,41,20,0.54,4K
2025-01-27 18:09:20,661,Cell_2,857,-77,7,76,50,0,eMBB,22,14,0.42,HD
2025-01-27 18:09:21,662,Cell_1,432,-68,4,97,85,1,eMBB,25,17,0.68,4K
2025-01-27 18:09:22,663,Cell_5,780,-86,0,56,76,0,eMBB,16,37,1.94,HD
2025-01-27 18:09:23,664,Cell_4,232,-68,8,79,73,1,URLLC,13,18,0.19,HD
2025-01-27 18:09:24,665,Cell_3,883,-67,1,96,76,1,URLLC,12,19,2.31,4K
2025-01-27 18:09:25,666,Cell_1,514,-86,5,99,79,0,eMBB,36,28,0.59,HD
2025-01-27 18:09:26,667,Cell_2,588,-83,0,77,61,1,mMTC,10,13,2.94,HD
2025-01-27 18:09:27,668,Cell_5,438,-68,5,75,79,0,eMBB,13,22,2.86,HD
2025-01-27 18:09:28,669,Cell_3,248,-82,6,73,74,1,URLLC,27,28,2.32,4K
2025-01-27 18:09:29,670,Cell_2,454,-65,6,83,65,0,eMBB,13,35,1.41,HD
2025-01-27 18:09:30,671,Cell_2,129,-68,5,81,87,1,URLLC,42,23,1.16,4K
2025-01-27 18:09:31,672,Cell_2,305,-79,3,85,73,0,eMBB,47,37,2.88,HD
2025-01-27 18:09:32,673,Cell_5,811,-72,1,89,86,0,eMBB,10,48,1.59,4K
2025-01-27 18:09:33,674,Cell_5,229,-68,2,70,87,0,eMBB,39,37,0.98,HD
2025-01-27 18:09:34,675,Cell_2,265,-61,7,81,58,1,URLLC,29,30,2.92,4K
2025-01-27 18:09:35,676,Cell_2,571,-79,8,67,76,1,URLLC,43,13,1.47,4K
2025-01-27 18:09:36,677,Cell_4,280,-77,8,52,62,1,URLLC,46,42,0.89,4K
2025-01-27 18:09:37,678,Cell_3,566,-83,3,51,62,0,eMBB,34,17,1.44,HD
2025-01-27 18:09:38,679,Cell_2,899,-65,0,95,58,0,URLLC,15,14,2.11,HD
2025-01-27 18:09:39,680,Cell_4,248,-69,3,75,50,1,eMBB,39,41,2.04,4K
2025-01-27 18:09:40,681,Cell_3,216,-71,3,64,83,1,URLLC,36,34,1.56,HD
2025-01-27 18:09:41,682,Cell_4,130,-68,8,81,52,0,mMTC,18,24,2.08,4K
2025-01-27 18:09:42,683,Cell_2,995,-81,2,51,65,1,eMBB,25,46,0.14,4K
2025-01-27 18:09:43,684,Cell_2,395,-78,1,66,60,1,eMBB,39,48,2.28,4K
2025-01-27 18:09:44,685,Cell_5,232,-81,4,80,83,0,mMTC,39,28,1.48,HD
2025-01-27 18:09:45,686,Cell_1,204,-78,5,86,77,0,URLLC,48,23,1.67,HD
2025-01-27 18:09:46,687,Cell_4,282,-61,4,81,54,0,mMTC,32,32,1.2,4K
2025-01-27 18:09:47,688,Cell_3,231,-62,1,86,50,0,mMTC,42,31,2.02,4K
2025-01-27 18:09:48,689,Cell_1,462,-73,8,82,60,0,mMTC,25,44,0.9,HD
2025-01-27 18:09:49,690,Cell_4,677,-62,2,95,85,1,mMTC,28,10,0.75,HD
2025-01-27 18:09:50,691,Cell_4,479,-83,7,81,72,1,eMBB,25,43,1.71,HD
2025-01-27 18:09:51,692,Cell_3,128,-83,3,69,71,1,eMBB,35,12,0.13,4K
2025-01-27 18:09:52,693,Cell_3,410,-64,5,68,81,0,mMTC,16,41,1.55,4K
2025-01-27 18:09:53,694,Cell_3,659,-77,6,69,77,0,URLLC,44,23,2.53,HD
2025-01-27 18:09:54,695,Cell_5,318,-90,3,54,54,0,URLLC,11,34,2.13,HD
2025-01-27 18:09:55,696,Cell_4,109,-77,5,54,88,1,URLLC,41,25,1.6,HD
2025-01-27 18:09:56,697,Cell_2,997,-80,0,99,86,1,URLLC,23,34,2.66,HD
2025-01-27 18:09:57,698,Cell_4,993,-83,1,86,89,1,mMTC,43,40,2.3,HD
2025-01-27 18:09:58,699,Cell_3,506,-72,5,74,75,0,mMTC,24,34,1.54,4K
2025-01-27 18:09:59,700,Cell_4,928,-67,5,90,71,0,URLLC,26,40,2.5,4K
2025-01-27 18:10:00,701,Cell_1,608,-64,8,65,56,0,eMBB,30,28,0.95,HD
2025-01-27 18:10:01,702,Cell_2,671,-84,1,54,72,0,URLLC,14,40,2.82,HD
2025-01-27 18:10:02,703,Cell_1,611,-73,3,71,65,1,URLLC,24,35,1.07,4K
2025-01-27 18:10:03,704,Cell_1,188,-62,2,92,69,1,mMTC,28,42,2.85,4K
2025-01-27 18:10:04,705,Cell_3,160,-64,4,64,83,1,eMBB,16,15,2.29,HD
2025-01-27 18:10:05,706,Cell_1,327,-88,0,60,75,0,eMBB,14,49,0.79,4K
2025-01-27 18:10:06,707,Cell_3,347,-67,6,70,75,1,URLLC,30,37,2.66,HD
2025-01-27 18:10:07,708,Cell_5,112,-73,9,90,67,1,eMBB,22,21,1.01,HD
2025-01-27 18:10:08,709,Cell_5,125,-63,7,78,68,0,eMBB,18,36,0.95,4K
2025-01-27 18:10:09,710,Cell_1,517,-66,5,81,74,0,eMBB,23,40,2.55,HD
2025-01-27 18:10:10,711,Cell_3,255,-90,5,79,66,1,eMBB,10,47,0.58,HD
2025-01-27 18:10:11,712,Cell_1,405,-76,8,54,87,0,URLLC,42,44,0.26,HD
2025-01-27 18:10:12,713,Cell_5,224,-81,8,72,87,1,URLLC,13,41,2.35,4K
2025-01-27 18:10:13,714,Cell_3,606,-82,8,99,60,1,eMBB,20,17,0.11,HD
2025-01-27 18:10:14,715,Cell_1,148,-82,9,91,78,0,mMTC,15,49,0.39,4K
2025-01-27 18:10:15,716,Cell_3,894,-78,1,92,68,1,eMBB,43,21,2.86,HD
2025-01-27 18:10:16,717,Cell_1,933,-62,0,87,70,1,URLLC,14,27,1.49,HD
2025-01-27 18:10:17,718,Cell_4,986,-67,1,83,84,1,eMBB,33,20,1.66,HD
2025-01-27 18:10:18,719,Cell_3,378,-76,0,96,73,0,eMBB,25,35,1.99,4K
2025-01-27 18:10:19,720,Cell_2,742,-67,9,70,83,1,URLLC,31,20,1.21,4K
2025-01-27 18:10:20,721,Cell_1,643,-68,1,50,68,0,URLLC,39,11,2.85,4K
2025-01-27 18:10:21,722,Cell_5,138,-84,0,80,55,0,URLLC,40,34,0.83,4K
2025-01-27 18:10:22,723,Cell_3,630,-64,4,62,79,1,eMBB,10,37,1.54,4K
2025-01-27 18:10:23,724,Cell_5,303,-72,4,77,63,0,URLLC,29,10,1.09,4K
2025-01-27 18:10:24,725,Cell_3,274,-87,9,53,68,0,URLLC,29,40,0.29,4K
2025-01-27 18:10:25,726,Cell_5,244,-72,5,73,70,1,URLLC,32,27,2.2,HD
2025-01-27 18:10:26,727,Cell_1,510,-89,0,86,80,1,URLLC,36,43,0.71,4K
2025-01-27 18:10:27,728,Cell_1,175,-66,0,81,53,0,URLLC,45,46,0.58,4K
2025-01-27 18:10:28,729,Cell_4,985,-65,3,61,55,0,URLLC,17,39,2.73,HD
2025-01-27 18:10:29,730,Cell_4,670,-81,2,66,50,1,mMTC,16,16,2.9,4K
2025-01-27 18:10:30,731,Cell_2,735,-90,3,87,61,0,URLLC,19,22,2.72,4K
2025-01-27 18:10:31,732,Cell_5,680,-88,3,81,59,1,URLLC,45,42,0.81,HD
2025-01-27 18:10:32,733,Cell_5,364,-89,4,89,75,0,eMBB,15,13,0.34,4K
2025-01-27 18:10:33,734,Cell_3,757,-76,0,78,63,0,mMTC,32,25,2.41,HD
2025-01-27 18:10:34,735,Cell_5,595,-88,2,85,53,0,mMTC,16,45,1.84,HD
2025-01-27 18:10:35,736,Cell_4,636,-76,1,92,86,0,eMBB,16,13,1.62,HD
2025-01-27 18:10:36,737,Cell_4,674,-80,3,61,68,0,mMTC,48,36,2.27,HD
2025-01-27 18:10:37,738,Cell_5,874,-90,4,82,73,1,URLLC,26,29,1.73,HD
2025-01-27 18:10:38,739,Cell_4,506,-78,8,73,58,0,eMBB,37,37,1.36,HD
2025-01-27 18:10:39,740,Cell_3,478,-84,2,81,67,1,URLLC,16,42,1.58,HD
2025-01-27 18:10:40,741,Cell_4,465,-72,9,80,79,1,URLLC,23,41,0.73,4K
2025-01-27 18:10:41,742,Cell_5,398,-89,8,51,59,0,mMTC,14,34,2.68,HD
2025-01-27 18:10:42,743,Cell_3,948,-66,5,86,50,0,mMTC,45,30,2.82,4K
2025-01-27 18:10:43,744,Cell_3,351,-69,2,88,81,0,URLLC,16,34,2.2,4K
2025-01-27 18:10:44,745,Cell_3,288,-88,9,54,58,0,mMTC,26,47,0.94,HD
2025-01-27 18:10:45,746,Cell_4,955,-66,7,79,82,0,eMBB,32,10,2.45,4K
2025-01-27 18:10:46,747,Cell_2,801,-83,8,82,66,1,mMTC,49,36,1.2,4K
2025-01-27 18:10:47,748,Cell_3,185,-81,9,67,73,0,mMTC,24,38,2.22,HD
2025-01-27 18:10:48,749,Cell_4,961,-73,1,71,50,1,mMTC,16,45,1.78,4K
2025-01-27 18:10:49,750,Cell_1,563,-65,2,56,60,0,URLLC,15,33,1.65,4K
2025-01-27 18:10:50,751,Cell_3,236,-68,1,76,78,0,mMTC,18,11,0.28,4K
2025-01-27 18:10:51,752,Cell_1,419,-62,5,72,61,0,eMBB,28,48,1.03,4K
2025-01-27 18:10:52,753,Cell_1,998,-89,9,53,51,1,eMBB,16,43,1.6,4K
2025-01-27 18:10:53,754,Cell_5,676,-70,5,60,74,0,URLLC,39,42,1.13,4K
2025-01-27 18:10:54,755,Cell_2,249,-66,8,60,50,1,URLLC,11,29,0.71,HD
2025-01-27 18:10:55,756,Cell_5,897,-72,7,69,52,0,eMBB,15,35,1.49,HD
2025-01-27 18:10:56,757,Cell_1,575,-69,7,65,75,0,URLLC,34,13,2.12,HD
2025-01-27 18:10:57,758,Cell_1,463,-72,2,57,59,0,eMBB,21,29,2.61,4K
2025-01-27 18:10:58,759,Cell_5,983,-83,0,73,83,0,mMTC,28,16,0.23,4K
2025-01-27 18:10:59,760,Cell_1,392,-84,2,52,66,0,eMBB,27,31,1.45,4K
2025-01-27 18:11:00,761,Cell_4,773,-88,4,94,51,1,eMBB,37,43,2.7,4K
2025-01-27 18:11:01,762,Cell_1,558,-71,2,71,67,0,mMTC,31,39,2.74,4K
2025-01-27 18:11:02,763,Cell_4,261,-83,4,98,65,1,URLLC,26,38,0.55,HD
2025-01-27 18:11:03,764,Cell_5,358,-77,4,56,61,1,URLLC,16,34,2.25,4K
2025-01-27 18:11:04,765,Cell_5,960,-83,6,54,85,1,URLLC,23,35,2.2,HD
2025-01-27 18:11:05,766,Cell_5,639,-83,1,86,86,1,eMBB,25,43,0.15,HD
2025-01-27 18:11:06,767,Cell_5,833,-86,4,64,60,1,mMTC,45,36,2.9,4K
2025-01-27 18:11:07,768,Cell_5,542,-63,3,93,60,1,mMTC,18,23,2.39,HD
2025-01-27 18:11:08,769,Cell_5,721,-86,3,82,63,1,mMTC,13,30,2.4,HD
2025-01-27 18:11:09,770,Cell_1,404,-76,4,51,66,0,mMTC,32,46,0.84,HD
2025-01-27 18:11:10,771,Cell_5,277,-76,7,76,88,1,eMBB,29,33,2.73,HD
2025-01-27 18:11:11,772,Cell_3,446,-72,5,76,83,1,URLLC,45,34,0.89,HD
2025-01-27 18:11:12,773,Cell_3,935,-70,6,82,89,1,mMTC,48,37,1.05,4K
2025-01-27 18:11:13,774,Cell_1,341,-64,3,84,56,0,URLLC,12,24,2.34,HD
2025-01-27 18:11:14,775,Cell_5,623,-63,1,66,53,1,eMBB,36,16,2.84,HD
2025-01-27 18:11:15,776,Cell_1,215,-62,7,63,63,1,mMTC,22,42,2.0,4K
2025-01-27 18:11:16,777,Cell_4,871,-72,0,91,53,1,mMTC,20,23,1.99,HD
2025-01-27 18:11:17,778,Cell_4,133,-81,4,81,85,0,eMBB,38,34,0.12,4K
2025-01-27 18:11:18,779,Cell_2,244,-61,3,80,74,1,URLLC,19,44,0.65,4K
2025-01-27 18:11:19,780,Cell_1,352,-79,8,69,88,1,URLLC,21,24,2.74,HD
2025-01-27 18:11:20,781,Cell_1,199,-70,1,94,52,0,URLLC,49,26,2.18,HD
2025-01-27 18:11:21,782,Cell_4,702,-69,1,67,52,0,eMBB,18,14,1.79,HD
2025-01-27 18:11:22,783,Cell_1,931,-88,3,99,83,1,mMTC,11,46,0.13,HD
2025-01-27 18:11:23,784,Cell_1,811,-62,7,71,76,1,URLLC,28,36,0.63,HD
2025-01-27 18:11:24,785,Cell_2,332,-90,5,89,53,1,mMTC,12,31,2.23,HD
2025-01-27 18:11:25,786,Cell_2,248,-80,0,88,54,0,mMTC,20,44,2.84,4K
2025-01-27 18:11:26,787,Cell_3,557,-64,3,80,85,1,mMTC,38,10,0.65,HD
2025-01-27 18:11:27,788,Cell_2,634,-85,6,82,51,0,eMBB,11,28,2.35,HD
2025-01-27 18:11:28,789,Cell_5,754,-72,8,53,59,0,mMTC,33,20,0.16,HD
2025-01-27 18:11:29,790,Cell_2,462,-76,2,60,50,0,eMBB,24,39,0.18,HD
2025-01-27 18:11:30,791,Cell_2,329,-72,2,55,68,1,URLLC,40,49,0.49,4K
2025-01-27 18:11:31,792,Cell_2,620,-83,5,98,80,0,eMBB,41,48,2.56,HD
2025-01-27 18:11:32,793,Cell_2,972,-72,5,55,52,0,mMTC,15,47,0.77,HD
2025-01-27 18:11:33,794,Cell_5,702,-74,1,51,72,1,mMTC,18,20,0.45,HD
2025-01-27 18:11:34,795,Cell_5,771,-75,7,94,71,1,eMBB,16,11,0.65,4K
2025-01-27 18:11:35,796,Cell_1,119,-80,6,97,65,0,mMTC,14,16,1.98,4K
2025-01-27 18:11:36,797,Cell_1,328,-64,5,68,50,0,URLLC,17,35,0.38,4K
2025-01-27 18:11:37,798,Cell_3,767,-80,5,61,88,1,mMTC,34,14,1.97,4K
2025-01-27 18:11:38,799,Cell_4,437,-85,1,74,73,0,eMBB,15,16,0.85,4K
2025-01-27 18:11:39,800,Cell_4,188,-71,4,98,53,0,mMTC,34,35,2.8,4K
2025-01-27 18:11:40,801,Cell_2,843,-82,6,72,88,0,mMTC,49,18,1.96,4K
2025-01-27 18:11:41,802,Cell_4,978,-84,5,87,89,0,URLLC,48,24,0.81,4K
2025-01-27 18:11:42,803,Cell_5,385,-83,5,65,59,1,mMTC,43,36,1.27,HD
2025-01-27 18:11:43,804,Cell_3,266,-73,3,79,78,1,URLLC,41,29,2.46,HD
2025-01-27 18:11:44,805,Cell_5,988,-86,8,74,64,1,mMTC,17,11,2.89,4K
2025-01-27 18:11:45,806,Cell_3,275,-73,6,81,86,0,URLLC,15,49,2.87,4K
2025-01-27 18:11:46,807,Cell_4,477,-70,0,87,80,1,eMBB,25,44,1.44,HD
2025-01-27 18:11:47,808,Cell_5,587,-78,2,56,87,1,URLLC,17,32,2.1,4K
2025-01-27 18:11:48,809,Cell_1,517,-70,7,94,58,1,eMBB,25,14,0.31,HD
2025-01-27 18:11:49,810,Cell_2,440,-67,5,98,70,0,eMBB,32,12,1.0,4K
2025-01-27 18:11:50,811,Cell_1,571,-90,0,99,77,0,mMTC,24,48,2.24,HD
2025-01-27 18:11:51,812,Cell_2,193,-86,2,98,61,0,eMBB,47,10,0.79,4K
2025-01-27 18:11:52,813,Cell_5,394,-71,3,65,65,0,eMBB,18,18,2.72,HD
2025-01-27 18:11:53,814,Cell_3,318,-83,5,86,69,0,mMTC,30,47,0.18,HD
2025-01-27 18:11:54,815,Cell_3,849,-82,7,69,74,1,mMTC,14,32,0.24,HD
2025-01-27 18:11:55,816,Cell_1,189,-83,1,81,53,0,eMBB,13,12,0.14,HD
2025-01-27 18:11:56,817,Cell_4,890,-74,7,71,72,0,URLLC,25,20,0.25,HD
2025-01-27 18:11:57,818,Cell_5,351,-77,7,65,54,0,mMTC,12,15,1.28,HD
2025-01-27 18:11:58,819,Cell_3,235,-62,2,81,59,0,URLLC,30,48,0.81,4K
2025-01-27 18:11:59,820,Cell_3,316,-81,9,59,72,0,eMBB,30,37,2.45,4K
2025-01-27 18:12:00,821,Cell_4,108,-69,5,86,52,1,URLLC,44,48,1.85,4K
2025-01-27 18:12:01,822,Cell_1,796,-76,4,56,54,1,URLLC,42,25,0.11,4K
2025-01-27 18:12:02,823,Cell_4,307,-64,3,91,50,1,eMBB,43,33,0.79,4K
2025-01-27 18:12:03,824,Cell_5,373,-66,6,56,55,0,URLLC,38,48,1.48,4K
2025-01-27 18:12:04,825,Cell_4,441,-68,3,96,80,1,URLLC,13,25,0.36,4K
2025-01-27 18:12:05,826,Cell_4,899,-66,0,56,84,1,URLLC,10,34,0.99,HD
2025-01-27 18:12:06,827,Cell_5,876,-74,8,51,52,0,mMTC,33,44,0.33,HD
2025-01-27 18:12:07,828,Cell_2,970,-69,9,59,89,0,mMTC,23,26,0.57,HD
2025-01-27 18:12:08,829,Cell_3,594,-74,5,53,54,1,eMBB,44,26,1.9,HD
2025-01-27 18:12:09,830,Cell_3,720,-61,8,86,81,0,mMTC,21,30,0.43,HD
2025-01-27 18:12:10,831,Cell_3,700,-67,5,88,84,1,URLLC,33,17,0.29,HD
2025-01-27 18:12:11,832,Cell_5,483,-74,7,80,68,1,mMTC,39,37,0.98,HD
2025-01-27 18:12:12,833,Cell_3,352,-65,6,82,67,1,eMBB,47,33,0.56,4K
2025-01-27 18:12:13,834,Cell_5,781,-70,4,66,80,1,URLLC,16,25,0.44,HD
2025-01-27 18:12:14,835,Cell_2,908,-66,3,67,51,0,URLLC,28,44,1.24,HD
2025-01-27 18:12:15,836,Cell_4,648,-67,4,61,60,1,URLLC,16,46,2.56,4K
2025-01-27 18:12:16,837,Cell_1,374,-84,0,64,65,0,URLLC,16,41,2.79,4K
2025-01-27 18:12:17,838,Cell_2,787,-78,4,89,56,1,mMTC,22,23,2.19,4K
2025-01-27 18:12:18,839,Cell_3,703,-84,7,76,70,0,eMBB,39,37,0.97,4K
2025-01-27 18:12:19,840,Cell_5,338,-85,8,50,55,1,eMBB,12,30,2.11,4K
2025-01-27 18:12:20,841,Cell_3,795,-90,6,94,58,1,mMTC,30,29,2.78,HD
2025-01-27 18:12:21,842,Cell_5,725,-86,3,74,74,1,mMTC,17,17,0.18,4K
2025-01-27 18:12:22,843,Cell_3,362,-73,4,90,55,1,mMTC,23,43,2.66,HD
2025-01-27 18:12:23,844,Cell_3,725,-86,5,68,56,1,URLLC,16,44,2.45,4K
2025-01-27 18:12:24,845,Cell_4,829,-67,9,91,76,0,URLLC,34,36,0.85,HD
2025-01-27 18:12:25,846,Cell_4,798,-81,8,93,60,0,URLLC,20,38,0.21,4K
2025-01-27 18:12:26,847,Cell_5,905,-66,9,68,65,0,URLLC,29,26,1.12,4K
2025-01-27 18:12:27,848,Cell_5,821,-65,2,60,72,1,mMTC,32,47,0.65,4K
2025-01-27 18:12:28,849,Cell_3,524,-83,0,57,56,1,eMBB,14,44,1.68,4K
2025-01-27 18:12:29,850,Cell_1,634,-72,6,96,82,1,mMTC,27,14,2.44,4K
2025-01-27 18:12:30,851,Cell_3,945,-88,7,81,55,1,eMBB,31,25,3.0,4K
2025-01-27 18:12:31,852,Cell_5,438,-77,1,56,62,1,URLLC,27,42,0.25,4K
2025-01-27 18:12:32,853,Cell_5,757,-68,3,77,80,0,mMTC,15,27,0.18,4K
2025-01-27 18:12:33,854,Cell_5,341,-85,9,72,82,1,mMTC,19,14,1.47,4K
2025-01-27 18:12:34,855,Cell_1,756,-79,6,66,65,1,mMTC,46,27,1.46,HD
2025-01-27 18:12:35,856,Cell_3,573,-77,4,58,59,0,mMTC,45,29,2.95,HD
2025-01-27 18:12:36,857,Cell_2,854,-89,9,56,69,1,URLLC,20,34,2.42,HD
2025-01-27 18:12:37,858,Cell_3,618,-89,6,88,82,1,URLLC,24,48,1.75,HD
2025-01-27 18:12:38,859,Cell_5,853,-62,7,96,89,1,mMTC,30,28,1.58,4K
2025-01-27 18:12:39,860,Cell_3,276,-62,6,78,71,1,mMTC,38,17,1.67,HD
2025-01-27 18:12:40,861,Cell_4,360,-77,5,90,69,0,mMTC,15,33,2.69,HD
2025-01-27 18:12:41,862,Cell_2,341,-68,7,66,71,0,URLLC,19,48,2.93,HD
2025-01-27 18:12:42,863,Cell_3,205,-88,1,74,73,0,mMTC,13,26,0.16,HD
2025-01-27 18:12:43,864,Cell_3,299,-66,8,72,59,1,eMBB,46,26,2.69,HD
2025-01-27 18:12:44,865,Cell_3,919,-62,1,89,68,1,mMTC,22,32,2.08,4K
2025-01-27 18:12:45,866,Cell_2,314,-61,0,84,55,0,mMTC,36,14,0.9,4K
2025-01-27 18:12:46,867,Cell_2,487,-85,1,84,80,1,eMBB,28,12,1.93,4K
2025-01-27 18:12:47,868,Cell_4,973,-90,5,60,81,0,eMBB,19,14,2.49,HD
2025-01-27 18:12:48,869,Cell_1,274,-64,9,82,52,1,eMBB,43,48,2.12,HD
2025-01-27 18:12:49,870,Cell_2,949,-64,5,93,84,0,mMTC,26,33,1.27,4K
2025-01-27 18:12:50,871,Cell_5,867,-73,6,50,79,0,eMBB,11,44,1.93,HD
2025-01-27 18:12:51,872,Cell_2,371,-66,2,78,64,0,eMBB,31,11,2.29,HD
2025-01-27 18:12:52,873,Cell_2,123,-90,8,67,80,0,mMTC,22,12,2.01,4K
2025-01-27 18:12:53,874,Cell_1,647,-80,2,60,75,0,eMBB,26,11,0.76,4K
2025-01-27 18:12:54,875,Cell_2,655,-83,5,72,50,0,URLLC,13,30,1.97,4K
2025-01-27 18:12:55,876,Cell_2,508,-66,5,89,67,1,eMBB,20,40,0.96,4K
2025-01-27 18:12:56,877,Cell_1,145,-73,8,70,89,1,mMTC,45,31,1.69,HD
2025-01-27 18:12:57,878,Cell_4,382,-69,7,59,85,0,mMTC,20,18,0.23,HD
2025-01-27 18:12:58,879,Cell_4,327,-72,4,95,80,1,URLLC,23,28,1.89,HD
2025-01-27 18:12:59,880,Cell_4,160,-88,4,89,53,1,eMBB,36,46,2.11,4K
2025-01-27 18:13:00,881,Cell_2,868,-72,0,90,51,1,mMTC,32,14,0.13,4K
2025-01-27 18:13:01,882,Cell_1,627,-78,0,52,89,1,eMBB,43,41,1.38,4K
2025-01-27 18:13:02,883,Cell_4,625,-64,3,50,52,0,mMTC,39,18,0.38,4K
2025-01-27 18:13:03,884,Cell_5,877,-62,6,88,56,0,eMBB,22,25,2.27,4K
2025-01-27 18:13:04,885,Cell_3,971,-76,3,88,52,0,URLLC,33,28,1.95,4K
2025-01-27 18:13:05,886,Cell_5,126,-86,5,69,80,0,URLLC,47,25,2.76,4K
2025-01-27 18:13:06,887,Cell_1,565,-83,6,72,64,0,URLLC,22,21,1.06,4K
2025-01-27 18:13:07,888,Cell_1,570,-68,3,86,66,1,eMBB,28,16,0.87,4K
2025-01-27 18:13:08,889,Cell_4,207,-88,5,52,89,1,URLLC,12,16,0.28,4K
2025-01-27 18:13:09,890,Cell_3,697,-69,7,78,70,1,mMTC,35,14,0.71,HD
2025-01-27 18:13:10,891,Cell_4,270,-71,1,79,55,1,eMBB,49,49,0.48,HD
2025-01-27 18:13:11,892,Cell_3,128,-80,2,56,75,0,mMTC,18,35,2.0,4K
2025-01-27 18:13:12,893,Cell_4,363,-82,7,77,62,1,URLLC,43,21,2.06,4K
2025-01-27 18:13:13,894,Cell_4,708,-76,8,63,53,1,URLLC,21,46,1.05,HD
2025-01-27 18:13:14,895,Cell_2,136,-77,8,87,58,0,mMTC,29,46,1.68,HD
2025-01-27 18:13:15,896,Cell_1,413,-67,1,81,85,0,URLLC,39,34,1.03,4K
2025-01-27 18:13:16,897,Cell_2,875,-72,1,66,68,1,URLLC,36,26,2.1,4K
2025-01-27 18:13:17,898,Cell_1,808,-65,9,81,86,1,URLLC,14,42,1.72,4K
2025-01-27 18:13:18,899,Cell_3,991,-78,6,73,54,0,eMBB,13,33,0.92,4K
2025-01-27 18:13:19,900,Cell_2,402,-67,3,80,51,0,mMTC,45,19,2.27,4K
2025-01-27 18:13:20,901,Cell_1,170,-78,3,90,53,0,eMBB,28,27,1.04,4K
2025-01-27 18:13:21,902,Cell_1,789,-80,3,63,65,0,URLLC,48,12,1.35,4K
2025-01-27 18:13:22,903,Cell_1,297,-62,0,89,78,1,mMTC,10,12,0.1,HD
2025-01-27 18:13:23,904,Cell_2,475,-75,7,98,73,1,URLLC,38,40,2.17,4K
2025-01-27 18:13:24,905,Cell_4,419,-90,6,73,78,0,URLLC,48,24,1.64,HD
2025-01-27 18:13:25,906,Cell_2,459,-88,0,86,63,1,mMTC,36,24,2.13,HD
2025-01-27 18:13:26,907,Cell_1,350,-66,3,73,57,1,mMTC,15,21,1.69,HD
2025-01-27 18:13:27,908,Cell_5,812,-73,6,52,61,0,URLLC,49,15,2.83,HD
2025-01-27 18:13:28,909,Cell_4,514,-65,3,65,79,1,URLLC,37,39,1.82,4K
2025-01-27 18:13:29,910,Cell_1,388,-67,7,67,84,1,mMTC,13,37,0.9,HD
2025-01-27 18:13:30,911,Cell_3,754,-66,6,63,87,0,eMBB,13,42,2.74,HD
2025-01-27 18:13:31,912,Cell_4,577,-80,4,51,54,1,eMBB,28,27,2.16,HD
2025-01-27 18:13:32,913,Cell_2,453,-76,1,64,67,1,mMTC,17,44,0.4,4K
2025-01-27 18:13:33,914,Cell_4,408,-67,7,62,69,1,eMBB,10,36,0.36,4K
2025-01-27 18:13:34,915,Cell_5,411,-63,3,95,72,0,URLLC,11,29,2.8,4K
2025-01-27 18:13:35,916,Cell_3,627,-68,7,83,88,1,eMBB,14,20,0.65,HD
2025-01-27 18:13:36,917,Cell_4,761,-63,8,98,81,0,URLLC,47,24,2.19,HD
2025-01-27 18:13:37,918,Cell_1,438,-75,8,84,66,0,eMBB,14,27,1.9,HD
2025-01-27 18:13:38,919,Cell_5,336,-68,7,75,71,0,URLLC,20,27,1.5,4K
2025-01-27 18:13:39,920,Cell_3,444,-85,3,64,78,1,eMBB,14,48,2.7,4K
2025-01-27 18:13:40,921,Cell_2,597,-73,1,70,57,1,mMTC,47,49,0.19,HD
2025-01-27 18:13:41,922,Cell_5,978,-88,9,77,74,1,eMBB,13,17,1.26,4K
2025-01-27 18:13:42,923,Cell_1,727,-62,5,59,80,0,eMBB,43,10,0.58,HD
2025-01-27 18:13:43,924,Cell_1,635,-88,9,72,72,0,mMTC,27,39,2.14,4K
2025-01-27 18:13:44,925,Cell_4,956,-70,8,87,71,0,mMTC,15,37,2.4,4K
2025-01-27 18:13:45,926,Cell_4,299,-88,8,85,69,0,eMBB,37,11,1.3,4K
2025-01-27 18:13:46,927,Cell_4,241,-79,2,83,53,1,eMBB,31,17,2.55,HD
2025-01-27 18:13:47,928,Cell_4,538,-76,6,68,66,1,eMBB,21,19,0.8,HD
2025-01-27 18:13:48,929,Cell_2,580,-62,3,88,56,1,eMBB,32,45,2.27,4K
2025-01-27 18:13:49,930,Cell_3,168,-80,6,69,75,0,URLLC,48,20,2.89,HD
2025-01-27 18:13:50,931,Cell_1,370,-72,8,98,73,1,eMBB,27,41,1.7,HD
2025-01-27 18:13:51,932,Cell_1,393,-82,7,57,82,1,mMTC,25,25,0.97,4K
2025-01-27 18:13:52,933,Cell_1,579,-89,0,82,64,0,URLLC,37,45,1.43,HD
2025-01-27 18:13:53,934,Cell_3,526,-88,8,97,84,1,URLLC,40,34,0.12,4K
2025-01-27 18:13:54,935,Cell_1,651,-76,5,55,75,1,eMBB,31,26,0.22,4K
2025-01-27 18:13:55,936,Cell_4,486,-71,5,65,71,0,URLLC,26,10,0.47,HD
2025-01-27 18:13:56,937,Cell_2,431,-77,9,76,79,0,mMTC,49,30,2.38,HD
2025-01-27 18:13:57,938,Cell_2,711,-86,2,79,87,1,eMBB,20,19,0.59,4K
2025-01-27 18:13:58,939,Cell_3,200,-76,7,62,66,1,URLLC,38,30,2.18,4K
2025-01-27 18:13:59,940,Cell_4,237,-79,8,85,70,1,URLLC,32,34,0.76,HD
2025-01-27 18:14:00,941,Cell_3,828,-77,3,83,72,1,mMTC,13,12,0.89,HD
2025-01-27 18:14:01,942,Cell_3,743,-78,4,92,79,0,eMBB,40,36,2.66,HD
2025-01-27 18:14:02,943,Cell_3,750,-87,9,91,85,0,URLLC,31,28,1.65,HD
2025-01-27 18:14:03,944,Cell_4,280,-80,1,54,51,1,eMBB,33,12,1.01,HD
2025-01-27 18:14:04,945,Cell_4,622,-76,2,72,53,0,mMTC,44,41,0.8,HD
2025-01-27 18:14:05,946,Cell_1,238,-63,6,77,80,0,mMTC,23,25,0.4,HD
2025-01-27 18:14:06,947,Cell_2,125,-73,5,69,85,1,URLLC,22,12,0.44,HD
2025-01-27 18:14:07,948,Cell_1,594,-89,7,54,87,1,eMBB,18,21,0.21,4K
2025-01-27 18:14:08,949,Cell_3,160,-87,3,91,50,0,eMBB,33,34,0.44,4K
2025-01-27 18:14:09,950,Cell_5,201,-70,8,77,66,0,URLLC,47,10,1.12,4K
2025-01-27 18:14:10,951,Cell_3,726,-87,0,89,69,1,URLLC,46,30,2.81,4K
2025-01-27 18:14:11,952,Cell_4,759,-72,5,93,57,0,URLLC,41,48,0.78,4K
2025-01-27 18:14:12,953,Cell_1,971,-72,3,78,73,0,URLLC,19,40,0.89,HD
2025-01-27 18:14:13,954,Cell_2,432,-71,5,59,66,0,eMBB,23,49,1.56,HD
2025-01-27 18:14:14,955,Cell_4,998,-70,3,97,87,1,URLLC,48,46,2.69,4K
2025-01-27 18:14:15,956,Cell_2,544,-68,3,67,70,0,eMBB,38,40,2.27,4K
2025-01-27 18:14:16,957,Cell_4,902,-88,9,67,73,1,URLLC,48,48,2.83,HD
2025-01-27 18:14:17,958,Cell_3,717,-84,3,72,57,1,eMBB,18,24,2.49,HD
2025-01-27 18:14:18,959,Cell_2,886,-62,9,69,81,0,URLLC,22,12,1.38,HD
2025-01-27 18:14:19,960,Cell_4,350,-66,3,75,59,1,URLLC,10,49,2.93,HD
2025-01-27 18:14:20,961,Cell_5,698,-84,6,54,53,1,eMBB,30,32,0.4,HD
2025-01-27 18:14:21,962,Cell_2,711,-65,3,55,88,1,mMTC,31,34,1.86,4K
2025-01-27 18:14:22,963,Cell_3,446,-70,3,61,65,0,mMTC,20,41,2.66,4K
2025-01-27 18:14:23,964,Cell_4,400,-84,9,84,60,1,URLLC,27,30,1.59,HD
2025-01-27 18:14:24,965,Cell_4,296,-80,0,88,52,0,eMBB,49,28,1.32,4K
2025-01-27 18:14:25,966,Cell_5,725,-86,8,97,56,0,mMTC,46,26,0.94,4K
2025-01-27 18:14:26,967,Cell_4,580,-66,9,56,69,0,eMBB,38,32,2.64,HD
2025-01-27 18:14:27,968,Cell_4,927,-75,4,76,74,1,URLLC,31,13,1.79,4K
2025-01-27 18:14:28,969,Cell_1,969,-76,7,95,81,0,mMTC,48,48,0.53,4K
2025-01-27 18:14:29,970,Cell_2,185,-63,1,86,87,1,eMBB,48,35,1.15,4K
2025-01-27 18:14:30,971,Cell_4,720,-73,1,99,56,1,mMTC,21,14,2.8,HD
2025-01-27 18:14:31,972,Cell_5,559,-83,5,80,56,1,eMBB,46,41,0.3,4K
2025-01-27 18:14:32,973,Cell_3,549,-78,1,97,52,0,URLLC,25,29,1.66,4K
2025-01-27 18:14:33,974,Cell_4,868,-89,5,90,74,0,URLLC,43,27,0.56,4K
2025-01-27 18:14:34,975,Cell_4,669,-69,7,79,65,0,eMBB,37,13,1.23,4K
2025-01-27 18:14:35,976,Cell_1,601,-84,5,84,84,1,eMBB,44,33,2.66,HD
2025-01-27 18:14:36,977,Cell_3,106,-80,5,52,80,0,URLLC,39,21,2.98,HD
2025-01-27 18:14:37,978,Cell_3,216,-90,7,57,83,0,eMBB,38,37,1.16,HD
2025-01-27 18:14:38,979,Cell_1,775,-64,3,61,54,1,mMTC,41,16,0.36,HD
2025-01-27 18:14:39,980,Cell_5,510,-73,7,99,89,1,eMBB,25,30,0.58,HD
2025-01-27 18:14:40,981,Cell_3,950,-64,1,86,79,0,mMTC,45,30,1.27,4K
2025-01-27 18:14:41,982,Cell_5,587,-89,0,90,52,0,eMBB,39,15,0.68,4K
2025-01-27 18:14:42,983,Cell_5,715,-62,2,63,85,0,eMBB,19,23,2.6,4K
2025-01-27 18:14:43,984,Cell_3,336,-73,3,70,82,0,mMTC,26,19,0.17,4K
2025-01-27 18:14:44,985,Cell_3,152,-64,8,64,66,1,mMTC,46,35,1.14,4K
2025-01-27 18:14:45,986,Cell_2,879,-73,3,87,84,1,URLLC,34,26,0.84,4K
2025-01-27 18:14:46,987,Cell_1,779,-72,3,52,85,0,eMBB,47,30,1.22,HD
2025-01-27 18:14:47,988,Cell_2,143,-69,1,51,57,0,URLLC,22,20,2.0,HD
2025-01-27 18:14:48,989,Cell_1,289,-66,1,78,52,1,mMTC,45,44,1.93,HD
2025-01-27 18:14:49,990,Cell_4,751,-67,9,50,80,1,eMBB,18,24,0.33,HD
2025-01-27 18:14:50,991,Cell_1,876,-81,9,83,83,1,URLLC,47,34,0.29,4K
2025-01-27 18:14:51,992,Cell_1,132,-69,2,84,80,1,eMBB,25,14,0.15,4K
2025-01-27 18:14:52,993,Cell_1,925,-79,1,78,50,0,URLLC,37,15,0.88,4K
2025-01-27 18:14:53,994,Cell_4,929,-62,4,93,62,0,mMTC,41,30,0.68,HD
2025-01-27 18:14:54,995,Cell_1,379,-86,0,94,58,1,mMTC,38,13,0.58,HD
2025-01-27 18:14:55,996,Cell_1,464,-72,4,85,84,1,eMBB,21,23,0.24,4K
2025-01-27 18:14:56,997,Cell_5,598,-84,9,87,80,1,mMTC,21,24,2.69,4K
2025-01-27 18:14:57,998,Cell_4,121,-76,2,65,86,0,eMBB,15,36,2.0,4K
2025-01-27 18:14:58,999,Cell_2,123,-67,0,76,89,0,URLLC,12,40,0.82,HD
2025-01-27 18:14:59,1000,Cell_2,305,-68,8,52,78,1,eMBB,13,11,2.08,HD
2025-01-27 18:15:00,1001,Cell_1,330,-76,0,75,65,0,mMTC,27,21,1.73,4K
2025-01-27 18:15:01,1002,Cell_4,919,-82,0,66,73,0,eMBB,36,39,0.81,4K
2025-01-27 18:15:02,1003,Cell_1,308,-87,4,91,57,1,eMBB,19,30,1.6,HD
2025-01-27 18:15:03,1004,Cell_3,893,-88,7,52,69,1,mMTC,39,12,0.86,HD
2025-01-27 18:15:04,1005,Cell_1,389,-90,7,86,87,0,mMTC,30,43,1.1,4K
2025-01-27 18:15:05,1006,Cell_5,528,-75,3,67,67,0,URLLC,30,12,1.54,HD
2025-01-27 18:15:06,1007,Cell_3,821,-64,7,82,61,1,mMTC,11,46,2.51,4K
2025-01-27 18:15:07,1008,Cell_3,199,-72,4,79,78,0,eMBB,24,33,1.82,HD
2025-01-27 18:15:08,1009,Cell_1,559,-87,2,79,72,1,eMBB,23,46,0.73,HD
2025-01-27 18:15:09,1010,Cell_1,415,-75,3,60,67,0,eMBB,32,13,0.77,4K
2025-01-27 18:15:10,1011,Cell_2,726,-81,3,71,64,0,URLLC,32,49,0.87,HD
2025-01-27 18:15:11,1012,Cell_3,686,-71,8,85,62,1,eMBB,16,28,1.9,4K
2025-01-27 18:15:12,1013,Cell_5,173,-65,5,61,74,0,eMBB,45,27,1.5,HD
2025-01-27 18:15:13,1014,Cell_1,860,-61,8,75,55,0,URLLC,23,12,0.37,4K
2025-01-27 18:15:14,1015,Cell_3,533,-68,4,66,84,1,mMTC,19,11,0.75,HD
2025-01-27 18:15:15,1016,Cell_2,305,-89,5,59,76,1,eMBB,15,26,1.5,4K
2025-01-27 18:15:16,1017,Cell_2,152,-77,5,90,59,0,eMBB,45,24,0.25,4K
2025-01-27 18:15:17,1018,Cell_2,395,-61,1,98,64,1,URLLC,36,37,2.17,4K
2025-01-27 18:15:18,1019,Cell_3,881,-82,8,58,85,1,mMTC,19,20,2.63,4K
2025-01-27 18:15:19,1020,Cell_5,590,-85,0,88,65,0,eMBB,46,26,0.31,HD
2025-01-27 18:15:20,1021,Cell_4,646,-67,6,67,56,1,eMBB,41,24,0.33,HD
2025-01-27 18:15:21,1022,Cell_1,203,-84,0,85,77,0,eMBB,29,30,2.94,4K
2025-01-27 18:15:22,1023,Cell_4,277,-62,2,62,87,0,eMBB,47,37,2.84,4K
2025-01-27 18:15:23,1024,Cell_1,781,-86,8,56,64,0,eMBB,18,11,0.86,HD
2025-01-27 18:15:24,1025,Cell_5,622,-74,9,73,64,1,URLLC,35,12,1.35,4K
2025-01-27 18:15:25,1026,Cell_5,304,-74,5,96,69,1,eMBB,17,46,2.46,HD
2025-01-27 18:15:26,1027,Cell_1,205,-66,8,59,71,1,eMBB,15,26,2.45,4K
2025-01-27 18:15:27,1028,Cell_2,649,-83,4,53,76,1,eMBB,29,36,0.81,4K
2025-01-27 18:15:28,1029,Cell_1,232,-79,9,87,63,1,mMTC,40,22,0.33,4K
2025-01-27 18:15:29,1030,Cell_1,539,-80,0,86,62,0,mMTC,30,25,2.36,4K
2025-01-27 18:15:30,1031,Cell_4,379,-80,6,55,88,0,URLLC,19,45,2.91,4K
2025-01-27 18:15:31,1032,Cell_5,491,-73,2,95,89,1,eMBB,42,27,2.94,HD
2025-01-27 18:15:32,1033,Cell_5,956,-80,8,77,58,1,eMBB,13,16,2.74,4K
2025-01-27 18:15:33,1034,Cell_1,411,-64,4,68,85,0,URLLC,11,12,1.56,HD
2025-01-27 18:15:34,1035,Cell_1,554,-81,5,55,62,1,mMTC,43,20,2.49,HD
2025-01-27 18:15:35,1036,Cell_1,674,-82,1,66,80,0,URLLC,48,35,1.97,HD
2025-01-27 18:15:36,1037,Cell_4,662,-81,7,97,66,0,URLLC,25,28,2.74,HD
2025-01-27 18:15:37,1038,Cell_3,508,-87,2,90,81,1,mMTC,16,23,1.24,HD
2025-01-27 18:15:38,1039,Cell_4,243,-68,0,98,87,1,eMBB,10,20,1.2,HD
2025-01-27 18:15:39,1040,Cell_4,736,-66,9,99,83,1,URLLC,41,44,0.5,HD
2025-01-27 18:15:40,1041,Cell_1,776,-87,9,85,77,0,mMTC,23,43,0.8,4K
2025-01-27 18:15:41,1042,Cell_4,220,-77,7,52,86,1,eMBB,11,28,1.14,4K
2025-01-27 18:15:42,1043,Cell_4,831,-88,9,93,87,0,eMBB,18,43,1.47,HD
2025-01-27 18:15:43,1044,Cell_4,687,-73,2,83,81,1,URLLC,24,11,1.61,4K
2025-01-27 18:15:44,1045,Cell_4,238,-67,0,77,65,1,URLLC,40,27,1.79,HD
2025-01-27 18:15:45,1046,Cell_4,817,-83,4,78,73,0,mMTC,22,31,2.46,HD
2025-01-27 18:15:46,1047,Cell_1,953,-85,2,79,56,1,eMBB,43,35,2.78,HD
2025-01-27 18:15:47,1048,Cell_3,314,-83,8,53,83,1,mMTC,46,49,1.25,4K
2025-01-27 18:15:48,1049,Cell_4,991,-66,3,67,59,0,eMBB,12,23,0.11,HD
2025-01-27 18:15:49,1050,Cell_3,230,-61,9,68,70,0,eMBB,10,31,1.12,HD
2025-01-27 18:15:50,1051,Cell_4,282,-61,0,85,83,0,mMTC,48,49,2.66,4K
2025-01-27 18:15:51,1052,Cell_1,161,-78,8,87,80,1,URLLC,10,34,1.91,4K
2025-01-27 18:15:52,1053,Cell_2,708,-79,3,85,73,0,mMTC,12,24,1.83,HD
2025-01-27 18:15:53,1054,Cell_2,633,-67,1,96,75,0,URLLC,40,12,1.63,4K
2025-01-27 18:15:54,1055,Cell_2,370,-61,9,68,89,1,eMBB,40,20,2.18,4K
2025-01-27 18:15:55,1056,Cell_3,305,-64,3,85,67,0,URLLC,14,25,0.37,HD
2025-01-27 18:15:56,1057,Cell_2,325,-88,2,70,54,0,mMTC,34,32,0.82,4K
2025-01-27 18:15:57,1058,Cell_4,931,-78,8,87,50,1,URLLC,15,48,0.51,4K
2025-01-27 18:15:58,1059,Cell_3,659,-70,4,90,61,1,URLLC,12,17,0.26,4K
2025-01-27 18:15:59,1060,Cell_5,224,-77,3,92,72,0,mMTC,32,21,2.77,4K
2025-01-27 18:16:00,1061,Cell_1,235,-84,9,56,75,1,eMBB,26,37,1.97,4K
2025-01-27 18:16:01,1062,Cell_4,309,-80,9,87,83,1,URLLC,42,30,1.98,HD
2025-01-27 18:16:02,1063,Cell_4,460,-62,5,92,55,1,eMBB,19,11,2.74,HD
2025-01-27 18:16:03,1064,Cell_1,770,-71,8,78,63,1,mMTC,23,43,0.12,4K
2025-01-27 18:16:04,1065,Cell_4,212,-81,3,59,53,0,mMTC,22,34,0.28,HD
2025-01-27 18:16:05,1066,Cell_5,482,-67,8,93,70,1,eMBB,11,47,2.77,4K
2025-01-27 18:16:06,1067,Cell_4,477,-67,3,56,70,0,eMBB,26,15,2.86,HD
2025-01-27 18:16:07,1068,Cell_5,961,-65,1,60,67,1,mMTC,11,40,0.24,HD
2025-01-27 18:16:08,1069,Cell_2,321,-86,3,87,83,1,URLLC,28,30,1.26,HD
2025-01-27 18:16:09,1070,Cell_5,723,-82,7,67,67,0,mMTC,41,41,2.58,4K
2025-01-27 18:16:10,1071,Cell_1,106,-82,7,91,71,0,eMBB,22,12,0.23,HD
2025-01-27 18:16:11,1072,Cell_3,449,-76,3,51,87,1,eMBB,19,33,0.76,HD
2025-01-27 18:16:12,1073,Cell_1,950,-64,6,71,82,1,mMTC,23,33,2.58,HD
2025-01-27 18:16:13,1074,Cell_2,566,-88,0,77,69,0,URLLC,16,28,0.38,HD
2025-01-27 18:16:14,1075,Cell_3,931,-88,7,85,65,1,URLLC,31,17,0.11,HD
2025-01-27 18:16:15,1076,Cell_3,764,-70,1,87,50,0,eMBB,16,28,1.38,4K
2025-01-27 18:16:16,1077,Cell_3,153,-81,5,96,73,1,URLLC,34,19,0.74,4K
2025-01-27 18:16:17,1078,Cell_4,417,-83,6,88,86,0,URLLC,41,13,0.96,4K
2025-01-27 18:16:18,1079,Cell_1,494,-67,5,98,89,1,mMTC,33,41,0.89,HD
2025-01-27 18:16:19,1080,Cell_4,523,-71,5,70,50,1,URLLC,27,41,1.51,HD
2025-01-27 18:16:20,1081,Cell_2,585,-69,4,70,59,0,mMTC,35,43,0.49,HD
2025-01-27 18:16:21,1082,Cell_5,726,-65,4,51,65,1,URLLC,46,46,1.52,4K
2025-01-27 18:16:22,1083,Cell_3,968,-65,3,76,74,0,eMBB,26,11,2.69,4K
2025-01-27 18:16:23,1084,Cell_3,952,-69,0,86,89,1,URLLC,18,26,1.28,4K
2025-01-27 18:16:24,1085,Cell_4,940,-86,1,74,77,0,URLLC,41,27,2.82,4K
2025-01-27 18:16:25,1086,Cell_3,295,-72,8,87,79,1,eMBB,28,30,0.59,HD
2025-01-27 18:16:26,1087,Cell_2,750,-90,2,80,73,0,eMBB,40,42,2.42,HD
2025-01-27 18:16:27,1088,Cell_3,450,-65,8,66,72,1,eMBB,28,23,0.72,HD
2025-01-27 18:16:28,1089,Cell_5,544,-75,0,85,73,1,mMTC,28,32,1.72,4K
2025-01-27 18:16:29,1090,Cell_1,211,-61,3,69,74,1,URLLC,30,45,2.47,HD
2025-01-27 18:16:30,1091,Cell_3,246,-83,3,78,83,1,URLLC,49,17,2.23,4K
2025-01-27 18:16:31,1092,Cell_5,211,-65,7,88,75,0,URLLC,27,41,2.36,HD
2025-01-27 18:16:32,1093,Cell_4,521,-73,9,57,51,0,URLLC,33,10,2.64,4K
2025-01-27 18:16:33,1094,Cell_2,495,-76,3,51,86,0,URLLC,14,18,1.56,4K
2025-01-27 18:16:34,1095,Cell_5,435,-74,9,51,52,0,URLLC,38,20,1.88,HD
2025-01-27 18:16:35,1096,Cell_2,823,-79,1,69,51,1,URLLC,46,30,0.99,4K
2025-01-27 18:16:36,1097,Cell_1,666,-87,0,96,80,1,URLLC,26,18,0.75,4K
2025-01-27 18:16:37,1098,Cell_2,309,-85,7,54,63,0,eMBB,34,33,0.19,HD
2025-01-27 18:16:38,1099,Cell_3,761,-90,0,75,85,0,URLLC,16,39,1.37,HD
2025-01-27 18:16:39,1100,Cell_3,290,-87,0,89,60,0,mMTC,40,42,1.61,4K
